Year,Week,DateId,Team,Opp,Position,Player,PassAtt,PassCom,PassYds,PassTD,PassINT,Pass300,RushAtt,RushYds,RushTD,Rush100,RecCatches,RecYds,RecTD,Rec100,FumL,TwoPT,DefYardsTotal,DefPointsTotal,DefSk,DefINT,DefFF,DefFR,DefTD,DefSft,DefBlk,DefReturnTD,FantasyPointsDraftKings,FantasyPointsFanDuel
2019,17,20191229,ARI,@ LA,D,Arizona Defense,0,0,0,0,0,0,0,0,0,0,0,0,0,0,0,0,344.42,26,2,1.1,1.48,0.65,0.24,0.03,0.08,0.04,7.4,7.4
2019,17,20191229,KC,vs LAC,QB,Patrick Mahomes,33.9,22.04,278,2.16,0.64,0.4,3.2,11.2,0.08,0,0,0,0,0,0,0,0,0,0,0,0,0,0,0,0,0,21.9,20.7
2019,17,20191229,DAL,vs WAS,QB,Dak Prescott,34.68,22.71,267,1.97,0.71,0.34,3.2,12.16,0.22,0,0,0,0,0,0,0,0,0,0,0,0,0,0,0,0,0,21.4,20.4
2019,17,20191229,ARI,@ LA,RB,Chase Edmonds,0,0,0,0,0,0,1,3.95,0.03,0,0.4,2.8,0.01,0,0.01,0,0,0,0,0,0,0,0,0,0,0,1.3,1.1
2019,17,20191229,ARI,@ LA,RB,David Johnson,0,0,0,0,0,0,3.8,13.98,0.11,0,1.7,14.45,0.08,0,0.04,0.01,0,0,0,0,0,0,0,0,0,0,5.7,4.8
2019,17,20191229,ARI,@ LA,RB,Kenyan Drake,0,0,0,0,0,0,15.5,63.55,0.42,0.17,2.9,21.17,0.11,0,0.13,0.03,0,0,0,0,0,0,0,0,0,0,15,12.9
2019,17,20191229,ARI,@ LA,TE,Charles Clay,0,0,0,0,0,0,0,0,0,0,0,0,0,0,0,0,0,0,0,0,0,0,0,0,0,0,0,0
2019,17,20191229,ARI,@ LA,TE,Daniel Arnold,0,0,0,0,0,0,0,0,0,0,1.2,12,0.08,0,0.01,0,0,0,0,0,0,0,0,0,0,0,2.9,2.3
2019,17,20191229,ARI,@ LA,TE,Darrell Daniels,0,0,0,0,0,0,0,0,0,0,0,0,0,0,0,0,0,0,0,0,0,0,0,0,0,0,0,0
2019,17,20191229,ARI,@ LA,TE,Maxx Williams,0,0,0,0,0,0,0,0,0,0,1.4,14,0.1,0,0.01,0.01,0,0,0,0,0,0,0,0,0,0,3.4,2.7
2019,17,20191229,ARI,@ LA,WR,Andy Isabella,0,0,0,0,0,0,0,0,0,0,0.8,12.4,0.05,0,0.01,0,0,0,0,0,0,0,0,0,0,0,2.3,1.9
2019,17,20191229,ARI,@ LA,WR,Christian Kirk,0,0,0,0,0,0,0.7,4.55,0.01,0,4.6,52.9,0.26,0.1,0.05,0,0,0,0,0,0,0,0,0,0,0,12.2,9.6
2019,17,20191229,ARI,@ LA,WR,Damiere Byrd,0,0,0,0,0,0,0,0,0,0,1.8,21.6,0.11,0,0.02,0,0,0,0,0,0,0,0,0,0,0,4.6,3.7
2019,17,20191229,ARI,@ LA,WR,KeeSean Johnson,0,0,0,0,0,0,0,0,0,0,0,0,0,0,0,0,0,0,0,0,0,0,0,0,0,0,0,0
2019,17,20191229,ARI,@ LA,WR,Larry Fitzgerald,0,0,0,0,0,0,0,0,0,0,4.4,48.4,0.23,0.07,0.04,0,0,0,0,0,0,0,0,0,0,0,10.8,8.3
2019,17,20191229,ARI,@ LA,WR,Pharoh Cooper,0,0,0,0,0,0,0,0,0,0,1.6,18.4,0.08,0,0.02,0,0,0,0,0,0,0,0,0,0,0,3.9,3.1
2019,17,20191229,ARI,@ LA,WR,Trent Sherfield,0,0,0,0,0,0,0,0,0,0,0,0,0,0,0,0,0,0,0,0,0,0,0,0,0,0,0,0
2019,17,20191229,ATL,@ TB,D,Atlanta Defense,0,0,0,0,0,0,0,0,0,0,0,0,0,0,0,0,382.05,23.75,2.5,1.16,1.41,0.62,0.25,0.04,0.07,0.04,8,8
2019,17,20191229,ATL,@ TB,FB,Keith Smith,0,0,0,0,0,0,0,0,0,0,0,0,0,0,0,0,0,0,0,0,0,0,0,0,0,0,0,0
2019,17,20191229,TB,vs ATL,QB,Jameis Winston,37.18,22.49,290,1.81,1.16,0.46,3.1,13.02,0.08,0,0,0,0,0,0,0,0,0,0,0,0,0,0,0,0,0,20.8,19.5
2019,17,20191229,ATL,@ TB,QB,Matt Ryan,38.05,25.49,293,1.87,0.75,0.47,2,5.4,0.05,0,0,0,0,0,0,0,0,0,0,0,0,0,0,0,0,0,20.7,19.3
2019,17,20191229,ATL,@ TB,RB,Brian Hill,0,0,0,0,0,0,5.1,20.91,0.13,0,0.5,3.6,0.03,0,0.04,0.01,0,0,0,0,0,0,0,0,0,0,3.9,3.6
2019,17,20191229,ATL,@ TB,RB,Devonta Freeman,0,0,0,0,0,0,13.5,49.95,0.25,0.06,4,28,0.24,0,0.13,0.04,0,0,0,0,0,0,0,0,0,0,14.9,12.6
2019,17,20191229,ATL,@ TB,RB,Kenjon Barner,0,0,0,0,0,0,0,0,0,0,0,0,0,0,0,0,0,0,0,0,0,0,0,0,0,0,0,0
2019,17,20191229,ATL,@ TB,RB,Qadree Ollison,0,0,0,0,0,0,0.9,3.42,0.17,0,0,0,0,0,0.01,0.01,0,0,0,0,0,0,0,0,0,0,1.4,1.4
2019,17,20191229,ATL,@ TB,TE,Austin Hooper,0,0,0,0,0,0,0,0,0,0,5,52.5,0.44,0.1,0.05,0.04,0,0,0,0,0,0,0,0,0,0,13.2,10.4
2019,17,20191229,ATL,@ TB,TE,Jaeden Graham,0,0,0,0,0,0,0,0,0,0,0.1,1.1,0,0,0,0,0,0,0,0,0,0,0,0,0,0,0.2,0.2
2019,17,20191229,ATL,@ TB,TE,Luke Stocker,0,0,0,0,0,0,0,0,0,0,0.2,1.9,0.01,0,0,0,0,0,0,0,0,0,0,0,0,0,0.5,0.4
2019,17,20191229,ATL,@ TB,WR,Brandon Powell,0,0,0,0,0,0,0,0,0,0,0,0,0,0,0,0,0,0,0,0,0,0,0,0,0,0,0,0
2019,17,20191229,ATL,@ TB,WR,Calvin Ridley,0,0,0,0,0,0,0,0,0,0,0,0,0,0,0,0,0,0,0,0,0,0,0,0,0,0,0,0
2019,17,20191229,ATL,@ TB,WR,Christian Blake,0,0,0,0,0,0,0,0,0,0,2.5,30,0.16,0,0.02,0,0,0,0,0,0,0,0,0,0,0,6.4,5.2
2019,17,20191229,ATL,@ TB,WR,Julio Jones,0,0,0,0,0,0,0,0,0,0,6.8,91.8,0.57,0.44,0.07,0,0,0,0,0,0,0,0,0,0,0,20.7,15.9
2019,17,20191229,ATL,@ TB,WR,Justin Hardy,0,0,0,0,0,0,0,0,0,0,1,11.95,0.08,0,0.01,0,0,0,0,0,0,0,0,0,0,0,2.7,2.2
2019,17,20191229,ATL,@ TB,WR,Olamide Zaccheaus,0,0,0,0,0,0,0,0,0,0,0.5,6,0.04,0,0,0,0,0,0,0,0,0,0,0,0,0,1.3,1.1
2019,17,20191229,ATL,@ TB,WR,Russell Gage,0,0,0,0,0,0,0.2,1,0,0,4.2,43.26,0.29,0.04,0.04,0,0,0,0,0,0,0,0,0,0,0,10.4,8.2
2019,17,20191229,BAL,vs PIT,D,Baltimore Defense,0,0,0,0,0,0,0,0,0,0,0,0,0,0,0,0,291.23,17.75,2.1,1,1.15,0.51,0.22,0.05,0.07,0.04,7.9,7.9
2019,17,20191229,BAL,vs PIT,K,Justin Tucker,0,0,0,0,0,0,0,0,0,0,0,0,0,0,0,0,0,0,0,0,0,0,0,0,0,0,7.3,7.3
2019,17,20191229,NO,@ CAR,QB,Drew Brees,36.52,25.93,283,2.01,0.61,0.42,1,0.9,0.06,0,0,0,0,0,0,0,0,0,0,0,0,0,0,0,0,0,20.5,19.2
2019,17,20191229,NE,vs MIA,QB,Tom Brady,37.43,24.7,262,2.04,0.5,0.32,1,1,0.14,0,0,0,0,0,0,0,0,0,0,0,0,0,0,0,0,0,20,19.1
2019,17,20191229,TEN,@ HOU,QB,Ryan Tannehill,33.55,21.64,255,1.71,0.81,0.28,3.4,14.62,0.17,0,0,0,0,0,0,0,0,0,0,0,0,0,0,0,0,0,19.6,18.7
2019,17,20191229,BAL,vs PIT,RB,Gus Edwards,0,0,0,0,0,0,14,58.8,0.32,0.12,0.8,5.6,0.03,0,0.1,0.02,0,0,0,0,0,0,0,0,0,0,9.6,8.8
2019,17,20191229,BAL,vs PIT,RB,Justice Hill,0,0,0,0,0,0,7.8,29.64,0.17,0,1.2,9.4,0.04,0,0.06,0.01,0,0,0,0,0,0,0,0,0,0,6.3,5.7
2019,17,20191229,BAL,vs PIT,RB,Mark Ingram,0,0,0,0,0,0,0,0,0,0,0,0,0,0,0,0,0,0,0,0,0,0,0,0,0,0,0,0
2019,17,20191229,BAL,vs PIT,TE,Hayden Hurst,0,0,0,0,0,0,0,0,0,0,3.1,32.55,0.23,0.01,0.03,0.01,0,0,0,0,0,0,0,0,0,0,7.8,6.1
2019,17,20191229,BAL,vs PIT,TE,Mark Andrews,0,0,0,0,0,0,0,0,0,0,0,0,0,0,0,0,0,0,0,0,0,0,0,0,0,0,0,0
2019,17,20191229,BAL,vs PIT,TE,Nick Boyle,0,0,0,0,0,0,0,0,0,0,2.3,23.69,0.16,0,0.02,0.01,0,0,0,0,0,0,0,0,0,0,5.6,4.5
2019,17,20191229,BAL,vs PIT,WR,Chris Moore,0,0,0,0,0,0,0,0,0,0,0.7,7.21,0.04,0,0.01,0,0,0,0,0,0,0,0,0,0,0,1.7,1.3
2019,17,20191229,BAL,vs PIT,WR,De'Anthony Thomas,0,0,0,0,0,0,0,0,0,0,0,0,0,0,0,0,0,0,0,0,0,0,0,0,0,0,0,0
2019,17,20191229,BAL,vs PIT,WR,Jaleel Scott,0,0,0,0,0,0,0,0,0,0,0.3,3.39,0.01,0,0,0,0,0,0,0,0,0,0,0,0,0,0.7,0.5
2019,17,20191229,BAL,vs PIT,WR,Marquise Brown,0,0,0,0,0,0,0,0,0,0,0,0,0,0,0,0,0,0,0,0,0,0,0,0,0,0,0,0
2019,17,20191229,BAL,vs PIT,WR,Miles Boykin,0,0,0,0,0,0,0.1,0.5,0,0,2,28,0.24,0,0.02,0,0,0,0,0,0,0,0,0,0,0,6.3,5.3
2019,17,20191229,BAL,vs PIT,WR,Seth Roberts,0,0,0,0,0,0,0,0,0,0,2.6,31.2,0.19,0,0.02,0,0,0,0,0,0,0,0,0,0,0,6.8,5.5
2019,17,20191229,BAL,vs PIT,WR,Willie Snead,0,0,0,0,0,0,0,0,0,0,2.1,22.05,0.22,0,0.02,0,0,0,0,0,0,0,0,0,0,0,5.6,4.5
2019,17,20191229,BUF,vs NYJ,D,Buffalo Defense,0,0,0,0,0,0,0,0,0,0,0,0,0,0,0,0,295.18,19.25,2.6,1.02,1.19,0.52,0.22,0.05,0.06,0.04,8.5,8.5
2019,17,20191229,GB,@ DET,QB,Aaron Rodgers,33.55,21.47,255,1.78,0.5,0.28,2.8,10.08,0.11,0,0,0,0,0,0,0,0,0,0,0,0,0,0,0,0,0,19.3,18.5
2019,17,20191229,PHI,@ NYG,QB,Carson Wentz,36.9,22.51,262,1.62,0.7,0.32,3.3,11.22,0.09,0,0,0,0,0,0,0,0,0,0,0,0,0,0,0,0,0,18.9,17.9
2019,17,20191229,BUF,vs NYJ,RB,Devin Singletary,0,0,0,0,0,0,0,0,0,0,0,0,0,0,0,0,0,0,0,0,0,0,0,0,0,0,0,0
2019,17,20191229,BUF,vs NYJ,RB,Frank Gore,0,0,0,0,0,0,13.3,47.75,0.32,0.05,1.2,7.98,0.05,0,0.1,0.02,0,0,0,0,0,0,0,0,0,0,9.1,8.2
2019,17,20191229,BUF,vs NYJ,RB,Senorise Perry,0,0,0,0,0,0,1.8,7.2,0.03,0,0.3,2.1,0.01,0,0.01,0,0,0,0,0,0,0,0,0,0,0,1.5,1.3
2019,17,20191229,BUF,vs NYJ,RB,T.J. Yeldon,0,0,0,0,0,0,6.8,26.18,0.16,0,2,15.2,0.09,0,0.06,0.01,0,0,0,0,0,0,0,0,0,0,7.6,6.5
2019,17,20191229,BUF,vs NYJ,TE,Dawson Knox,0,0,0,0,0,0,0,0,0,0,0,0,0,0,0,0,0,0,0,0,0,0,0,0,0,0,0,0
2019,17,20191229,BUF,vs NYJ,TE,Lee Smith,0,0,0,0,0,0,0,0,0,0,0.8,7.6,0.06,0,0.01,0,0,0,0,0,0,0,0,0,0,0,1.9,1.5
2019,17,20191229,BUF,vs NYJ,TE,Tommy Sweeney,0,0,0,0,0,0,0,0,0,0,0,0,0,0,0,0,0,0,0,0,0,0,0,0,0,0,0,0
2019,17,20191229,BUF,vs NYJ,TE,Tyler Kroft,0,0,0,0,0,0,0,0,0,0,2.2,22.22,0.19,0,0.02,0.01,0,0,0,0,0,0,0,0,0,0,5.6,4.4
2019,17,20191229,BUF,vs NYJ,WR,Andre Roberts,0,0,0,0,0,0,0,0,0,0,0,0,0,0,0,0,0,0,0,0,0,0,0,0,0,0,0,0
2019,17,20191229,BUF,vs NYJ,WR,Cole Beasley,0,0,0,0,0,0,0,0,0,0,0,0,0,0,0,0,0,0,0,0,0,0,0,0,0,0,0,0
2019,17,20191229,BUF,vs NYJ,WR,D'haquille Williams,0,0,0,0,0,0,0,0,0,0,1.8,20.16,0.15,0,0.02,0,0,0,0,0,0,0,0,0,0,0,4.7,3.8
2019,17,20191229,BUF,vs NYJ,WR,Isaiah McKenzie,0,0,0,0,0,0,0.2,1.2,0,0,3.6,30.6,0.25,0,0.04,0,0,0,0,0,0,0,0,0,0,0,8.2,6.4
2019,17,20191229,BUF,vs NYJ,WR,John Brown,0,0,0,0,0,0,0,0,0,0,0,0,0,0,0,0,0,0,0,0,0,0,0,0,0,0,0,0
2019,17,20191229,BUF,vs NYJ,WR,Robert Foster,0,0,0,0,0,0,0,0,0,0,3,40.5,0.29,0.03,0.03,0,0,0,0,0,0,0,0,0,0,0,8.9,7.2
2019,17,20191229,CAR,vs NO,D,Carolina Defense,0,0,0,0,0,0,0,0,0,0,0,0,0,0,0,0,400.49,29,1.9,0.65,1.56,0.69,0.19,0.02,0.08,0.04,5.2,5.2
2019,17,20191229,CAR,vs NO,FB,Alex Armah,0,0,0,0,0,0,0.1,0.34,0.01,0,0,0,0,0,0,0,0,0,0,0,0,0,0,0,0,0,0.1,0.1
2019,17,20191229,CAR,vs NO,K,Joey Slye,0,0,0,0,0,0,0,0,0,0,0,0,0,0,0,0,0,0,0,0,0,0,0,0,0,0,5.8,5.8
2019,17,20191229,SEA,vs SF,QB,Russell Wilson,31.61,20.71,245,1.41,0.75,0.23,3.8,15.2,0.13,0,0,0,0,0,0,0,0,0,0,0,0,0,0,0,0,0,17.7,17
2019,17,20191229,NYG,vs PHI,QB,Daniel Jones,33.91,21.7,234,1.55,1.12,0.18,3.8,16.34,0.1,0,0,0,0,0,0,0,0,0,0,0,0,0,0,0,0,0,17.2,16.7
2019,17,20191229,CAR,vs NO,RB,Christian McCaffrey,0,0,0,0,0,0,16.5,69.3,0.36,0.22,7.5,66.75,0.23,0.25,0.18,0.03,0,0,0,0,0,0,0,0,0,0,25.9,20.6
2019,17,20191229,CAR,vs NO,RB,Mike Davis,0,0,0,0,0,0,0,0,0,0,0,0,0,0,0,0,0,0,0,0,0,0,0,0,0,0,0,0
2019,17,20191229,CAR,vs NO,RB,Reggie Bonnafon,0,0,0,0,0,0,1.5,5.78,0.02,0,0.2,1.5,0.01,0,0.01,0,0,0,0,0,0,0,0,0,0,0,1.1,1
2019,17,20191229,CAR,vs NO,TE,Chris Manhertz,0,0,0,0,0,0,0,0,0,0,0,0,0,0,0,0,0,0,0,0,0,0,0,0,0,0,0,0
2019,17,20191229,CAR,vs NO,TE,Greg Olsen,0,0,0,0,0,0,0,0,0,0,2.7,28.22,0.14,0,0.03,0.01,0,0,0,0,0,0,0,0,0,0,6.4,5
2019,17,20191229,CAR,vs NO,TE,Ian Thomas,0,0,0,0,0,0,0,0,0,0,1.7,16.83,0.09,0,0.02,0,0,0,0,0,0,0,0,0,0,0,3.9,3
2019,17,20191229,CAR,vs NO,WR,Brandon Zylstra,0,0,0,0,0,0,0,0,0,0,0.7,7.7,0.02,0,0.01,0,0,0,0,0,0,0,0,0,0,0,1.6,1.2
2019,17,20191229,CAR,vs NO,WR,Chris Hogan,0,0,0,0,0,0,0,0,0,0,2.9,37.12,0.15,0.02,0.03,0,0,0,0,0,0,0,0,0,0,0,7.5,6
2019,17,20191229,CAR,vs NO,WR,Curtis Samuel,0,0,0,0,0,0,2,9,0.05,0,3,37.56,0.19,0.02,0.04,0,0,0,0,0,0,0,0,0,0,0,9.1,7.5
2019,17,20191229,CAR,vs NO,WR,D.J. Moore,0,0,0,0,0,0,0,0,0,0,0,0,0,0,0,0,0,0,0,0,0,0,0,0,0,0,0,0
2019,17,20191229,CAR,vs NO,WR,DeAndrew White,0,0,0,0,0,0,0,0,0,0,0.8,9.6,0.03,0,0.01,0,0,0,0,0,0,0,0,0,0,0,1.9,1.5
2019,17,20191229,CAR,vs NO,WR,Jarius Wright,0,0,0,0,0,0,0,0,0,0,2.6,28.68,0.08,0,0.02,0,0,0,0,0,0,0,0,0,0,0,5.9,4.6
2019,17,20191229,CHI,@ MIN,D,Chicago Defense,0,0,0,0,0,0,0,0,0,0,0,0,0,0,0,0,286.34,15.75,2,0.9,1.26,0.55,0.21,0.05,0.07,0.04,7.6,7.6
2019,17,20191229,SF,@ SEA,QB,Jimmy Garoppolo,31.87,20.88,247,1.65,0.87,0.24,1.5,3.6,0.05,0,0,0,0,0,0,0,0,0,0,0,0,0,0,0,0,0,17,16.3
2019,17,20191229,CHI,@ MIN,QB,Mitch Trubisky,32.81,21.16,228,1.33,0.9,0.15,3.8,17.1,0.12,0.01,0,0,0,0,0,0,0,0,0,0,0,0,0,0,0,0,16.5,16
2019,17,20191229,CHI,@ MIN,RB,David Montgomery,0,0,0,0,0,0,15.2,58.52,0.38,0.12,1.3,9.36,0.05,0,0.11,0.02,0,0,0,0,0,0,0,0,0,0,11,9.8
2019,17,20191229,CHI,@ MIN,RB,Ryan Nall,0,0,0,0,0,0,0,0,0,0,0,0,0,0,0,0,0,0,0,0,0,0,0,0,0,0,0,0
2019,17,20191229,CHI,@ MIN,RB,Tarik Cohen,0,0,0,0,0,0,4,14.68,0.08,0,3.8,28.31,0.16,0,0.06,0.01,0,0,0,0,0,0,0,0,0,0,9.5,7.5
2019,17,20191229,CHI,@ MIN,TE,Eric Saubert,0,0,0,0,0,0,0,0,0,0,0.8,7.6,0.04,0,0.01,0,0,0,0,0,0,0,0,0,0,0,1.8,1.4
2019,17,20191229,CHI,@ MIN,TE,J.P. Holtz,0,0,0,0,0,0,0,0,0,0,0.6,6,0.04,0,0.01,0,0,0,0,0,0,0,0,0,0,0,1.4,1.1
2019,17,20191229,CHI,@ MIN,WR,Allen Robinson,0,0,0,0,0,0,0,0,0,0,5,61.5,0.44,0.17,0.05,0,0,0,0,0,0,0,0,0,0,0,14.3,11.2
2019,17,20191229,CHI,@ MIN,WR,Anthony Miller,0,0,0,0,0,0,0.1,0.44,0,0,4.2,52.5,0.29,0.1,0.04,0,0,0,0,0,0,0,0,0,0,0,11.5,9.1
2019,17,20191229,CHI,@ MIN,WR,Cordarrelle Patterson,0,0,0,0,0,0,1,6.2,0.02,0,0.6,7.2,0.05,0,0.01,0,0,0,0,0,0,0,0,0,0,0,2.4,2
2019,17,20191229,CHI,@ MIN,WR,Javon Wims,0,0,0,0,0,0,0,0,0,0,2,24.4,0.13,0,0.02,0,0,0,0,0,0,0,0,0,0,0,5.2,4.2
2019,17,20191229,CHI,@ MIN,WR,Jesper Horsted,0,0,0,0,0,0,0,0,0,0,1.8,18,0.13,0,0.02,0,0,0,0,0,0,0,0,0,0,0,4.4,3.4
2019,17,20191229,CHI,@ MIN,WR,Riley Ridley,0,0,0,0,0,0,0,0,0,0,0,0,0,0,0,0,0,0,0,0,0,0,0,0,0,0,0,0
2019,17,20191229,CHI,@ MIN,WR,Taylor Gabriel,0,0,0,0,0,0,0,0,0,0,0,0,0,0,0,0,0,0,0,0,0,0,0,0,0,0,0,0
2019,17,20191229,CIN,vs CLE,D,Cincinnati Defense,0,0,0,0,0,0,0,0,0,0,0,0,0,0,0,0,360.43,22.5,2.2,0.9,1.38,0.6,0.21,0.04,0.07,0.04,6.9,6.9
2019,17,20191229,IND,@ JAX,QB,Jacoby Brissett,30.49,19.51,218,1.45,0.77,0.11,3.3,11.88,0.17,0,0,0,0,0,0,0,0,0,0,0,0,0,0,0,0,0,16.3,16
2019,17,20191229,JAX,vs IND,QB,Gardner Minshew,31.16,19.94,229,1.24,0.85,0.16,4.2,21,0.1,0.02,0,0,0,0,0,0,0,0,0,0,0,0,0,0,0,0,16.5,16
2019,17,20191229,CIN,vs CLE,RB,Giovani Bernard,0,0,0,0,0,0,3,11.25,0.06,0,2.4,18.36,0.1,0,0.04,0,0,0,0,0,0,0,0,0,0,0,6.3,5
2019,17,20191229,CIN,vs CLE,RB,Joe Mixon,0,0,0,0,0,0,18.5,81.4,0.45,0.34,2.2,17.16,0.17,0,0.14,0.02,0,0,0,0,0,0,0,0,0,0,16.7,14.4
2019,17,20191229,CIN,vs CLE,RB,Trayveon  Williams,0,0,0,0,0,0,0.5,1.95,0,0,0,0,0,0,0,0,0,0,0,0,0,0,0,0,0,0,0.2,0.2
2019,17,20191229,CIN,vs CLE,TE,C.J. Uzomah,0,0,0,0,0,0,0,0,0,0,1.4,13.86,0.11,0,0.01,0,0,0,0,0,0,0,0,0,0,0,3.4,2.7
2019,17,20191229,CIN,vs CLE,TE,Cethan Carter,0,0,0,0,0,0,0,0,0,0,0.1,1.05,0,0,0,0,0,0,0,0,0,0,0,0,0,0,0.2,0.2
2019,17,20191229,CIN,vs CLE,TE,Mason Schreck,0,0,0,0,0,0,0,0,0,0,0,0,0,0,0,0,0,0,0,0,0,0,0,0,0,0,0,0
2019,17,20191229,CIN,vs CLE,TE,Tyler Eifert,0,0,0,0,0,0,0,0,0,0,3,30.45,0.25,0,0.03,0.01,0,0,0,0,0,0,0,0,0,0,7.5,6
2019,17,20191229,CIN,vs CLE,WR,A.J. Green,0,0,0,0,0,0,0,0,0,0,0,0,0,0,0,0,0,0,0,0,0,0,0,0,0,0,0,0
2019,17,20191229,CIN,vs CLE,WR,Alex Erickson,0,0,0,0,0,0,0.3,1.5,0,0,3.2,36.8,0.16,0.01,0.03,0,0,0,0,0,0,0,0,0,0,0,8,6.3
2019,17,20191229,CIN,vs CLE,WR,Damion Willis,0,0,0,0,0,0,0,0,0,0,0,0,0,0,0,0,0,0,0,0,0,0,0,0,0,0,0,0
2019,17,20191229,CIN,vs CLE,WR,John Ross,0,0,0,0,0,0,0,0,0,0,3.3,46,0.32,0.05,0.03,0,0,0,0,0,0,0,0,0,0,0,9.9,8.1
2019,17,20191229,CIN,vs CLE,WR,Stanley Morgan,0,0,0,0,0,0,0,0,0,0,0,0,0,0,0,0,0,0,0,0,0,0,0,0,0,0,0,0
2019,17,20191229,CIN,vs CLE,WR,Tyler Boyd,0,0,0,0,0,0,0.3,1.65,0,0,4.9,60.52,0.35,0.17,0.05,0,0,0,0,0,0,0,0,0,0,0,13.7,10.7
2019,17,20191229,CLE,@ CIN,D,Cleveland Defense,0,0,0,0,0,0,0,0,0,0,0,0,0,0,0,0,341.35,20.5,2.7,0.97,1.24,0.54,0.22,0.04,0.07,0.04,7.5,7.5
2019,17,20191229,CLE,@ CIN,QB,Baker Mayfield,34.04,20.77,240,1.51,0.9,0.21,2,7,0.08,0,0,0,0,0,0,0,0,0,0,0,0,0,0,0,0,0,16.6,15.9
2019,17,20191229,DEN,vs OAK,QB,Drew Lock,32.71,19.63,229,1.49,0.89,0.16,3,9.9,0.08,0,0,0,0,0,0,0,0,0,0,0,0,0,0,0,0,0,16.2,15.7
2019,17,20191229,CLE,@ CIN,RB,D'Ernest Johnson,0,0,0,0,0,0,0,0,0,0,0,0,0,0,0,0,0,0,0,0,0,0,0,0,0,0,0,0
2019,17,20191229,CLE,@ CIN,RB,Dontrell Hilliard,0,0,0,0,0,0,0,0,0,0,0,0,0,0,0,0,0,0,0,0,0,0,0,0,0,0,0,0
2019,17,20191229,CLE,@ CIN,RB,Kareem Hunt,0,0,0,0,0,0,6.4,26.88,0.19,0,4.2,31.5,0.23,0,0.08,0.02,0,0,0,0,0,0,0,0,0,0,12.5,10.3
2019,17,20191229,CLE,@ CIN,RB,Nick Chubb,0,0,0,0,0,0,19,84.55,0.54,0.37,1.6,12,0.07,0,0.14,0.04,0,0,0,0,0,0,0,0,0,0,16,13.9
2019,17,20191229,CLE,@ CIN,TE,David Njoku,0,0,0,0,0,0,0,0,0,0,1,11.6,0.1,0,0.01,0.01,0,0,0,0,0,0,0,0,0,0,2.8,2.3
2019,17,20191229,CLE,@ CIN,TE,Demetrius Harris,0,0,0,0,0,0,0,0,0,0,1,10.6,0.11,0,0.01,0.01,0,0,0,0,0,0,0,0,0,0,2.7,2.2
2019,17,20191229,CLE,@ CIN,TE,Pharaoh Brown,0,0,0,0,0,0,0,0,0,0,0,0,0,0,0,0,0,0,0,0,0,0,0,0,0,0,0,0
2019,17,20191229,CLE,@ CIN,TE,Ricky Seals-Jones,0,0,0,0,0,0,0,0,0,0,1,11,0.13,0,0.01,0.01,0,0,0,0,0,0,0,0,0,0,2.9,2.4
2019,17,20191229,CLE,@ CIN,TE,Stephen Carlson,0,0,0,0,0,0,0,0,0,0,0,0,0,0,0,0,0,0,0,0,0,0,0,0,0,0,0,0
2019,17,20191229,CLE,@ CIN,WR,Damion Ratley,0,0,0,0,0,0,0,0,0,0,0.9,11.25,0.09,0,0.01,0,0,0,0,0,0,0,0,0,0,0,2.6,2.1
2019,17,20191229,CLE,@ CIN,WR,Jarvis Landry,0,0,0,0,0,0,0.2,1,0,0,5.2,62.92,0.36,0.19,0.05,0,0,0,0,0,0,0,0,0,0,0,14.3,11.1
2019,17,20191229,CLE,@ CIN,WR,Khadarel Hodge,0,0,0,0,0,0,0,0,0,0,0.9,10.8,0.08,0,0.01,0,0,0,0,0,0,0,0,0,0,0,2.5,2
2019,17,20191229,CLE,@ CIN,WR,Odell Beckham,0,0,0,0,0,0,0.2,1,0,0,4.6,58.42,0.35,0.15,0.05,0,0,0,0,0,0,0,0,0,0,0,13,10.2
2019,17,20191229,CLE,@ CIN,WR,Rashard Higgins,0,0,0,0,0,0,0,0,0,0,0,0,0,0,0,0,0,0,0,0,0,0,0,0,0,0,0,0
2019,17,20191229,CLE,@ CIN,WR,Taywan Taylor,0,0,0,0,0,0,0,0,0,0,0,0,0,0,0,0,0,0,0,0,0,0,0,0,0,0,0,0
2019,17,20191229,DAL,vs WAS,D,Dallas Defense,0,0,0,0,0,0,0,0,0,0,0,0,0,0,0,0,304.72,16.75,2.6,0.95,1.19,0.52,0.21,0.05,0.06,0.04,8.3,8.3
2019,17,20191229,DAL,vs WAS,FB,Jamize Olawale,0,0,0,0,0,0,0.1,0.35,0,0,0.1,0.75,0.01,0,0,0,0,0,0,0,0,0,0,0,0,0,0.3,0.2
2019,17,20191229,DAL,vs WAS,K,Kai Forbath,0,0,0,0,0,0,0,0,0,0,0,0,0,0,0,0,0,0,0,0,0,0,0,0,0,0,9.7,9.7
2019,17,20191229,CIN,vs CLE,QB,Andy Dalton,34.49,21.39,238,1.45,0.97,0.2,2,5.6,0.12,0,0,0,0,0,0,0,0,0,0,0,0,0,0,0,0,0,16.2,15.6
2019,17,20191229,ARI,@ LA,QB,Kyler Murray,31.16,20.25,215,1.06,0.7,0.1,4.6,20.7,0.16,0.02,0,0,0,0,0,0,0,0,0,0,0,0,0,0,0,0,15.5,15.2
2019,17,20191229,DAL,vs WAS,RB,Ezekiel Elliott,0,0,0,0,0,0,21.2,89.04,0.88,0.41,3.2,25.12,0.14,0,0.17,0.04,0,0,0,0,0,0,0,0,0,0,21.9,18.9
2019,17,20191229,DAL,vs WAS,RB,Tony Pollard,0,0,0,0,0,0,3.1,13.18,0.09,0,1,7.15,0.04,0,0.03,0.01,0,0,0,0,0,0,0,0,0,0,3.8,3.3
2019,17,20191229,DAL,vs WAS,TE,Blake Jarwin,0,0,0,0,0,0,0,0,0,0,1.9,20.71,0.2,0,0.02,0.01,0,0,0,0,0,0,0,0,0,0,5.2,4.2
2019,17,20191229,DAL,vs WAS,TE,Dalton Schultz,0,0,0,0,0,0,0,0,0,0,0.1,0.97,0,0,0,0,0,0,0,0,0,0,0,0,0,0,0.2,0.1
2019,17,20191229,DAL,vs WAS,TE,Jason Witten,0,0,0,0,0,0,0,0,0,0,3.4,28.73,0.28,0,0.03,0.01,0,0,0,0,0,0,0,0,0,0,7.9,6.2
2019,17,20191229,DAL,vs WAS,WR,Amari Cooper,0,0,0,0,0,0,0,0,0,0,4.6,63.48,0.53,0.19,0.04,0,0,0,0,0,0,0,0,0,0,0,14.7,11.7
2019,17,20191229,DAL,vs WAS,WR,Devin Smith,0,0,0,0,0,0,0,0,0,0,0,0,0,0,0,0,0,0,0,0,0,0,0,0,0,0,0,0
2019,17,20191229,DAL,vs WAS,WR,Michael Gallup,0,0,0,0,0,0,0,0,0,0,4.1,60.27,0.41,0.16,0.04,0,0,0,0,0,0,0,0,0,0,0,13,10.5
2019,17,20191229,DAL,vs WAS,WR,Randall Cobb,0,0,0,0,0,0,0,0,0,0,3.1,39.53,0.26,0.02,0.03,0,0,0,0,0,0,0,0,0,0,0,8.6,7
2019,17,20191229,DAL,vs WAS,WR,Tavon Austin,0,0,0,0,0,0,0.9,4.5,0.02,0,1,12,0.09,0,0.02,0,0,0,0,0,0,0,0,0,0,0,3.3,2.8
2019,17,20191229,DAL,vs WAS,WR,Ventell Bryant,0,0,0,0,0,0,0,0,0,0,0,0,0,0,0,0,0,0,0,0,0,0,0,0,0,0,0,0
2019,17,20191229,DEN,vs OAK,D,Denver Defense,0,0,0,0,0,0,0,0,0,0,0,0,0,0,0,0,320.54,18.75,2.2,0.68,1.2,0.53,0.18,0.05,0.06,0.04,7.2,7.2
2019,17,20191229,LAC,@ KC,QB,Philip Rivers,33.64,21.53,259,1.31,0.93,0.3,1,0.2,0.01,0,0,0,0,0,0,0,0,0,0,0,0,0,0,0,0,0,15.7,14.8
2019,17,20191229,BAL,vs PIT,QB,Robert Griffin,23.93,15.45,168,1.06,0.65,0.01,6.3,26.78,0.18,0.03,0,0,0,0,0,0,0,0,0,0,0,0,0,0,0,0,14.2,14.1
2019,17,20191229,DEN,vs OAK,RB,Devontae Booker,0,0,0,0,0,0,0,0,0,0,0.4,3.12,0.02,0,0,0,0,0,0,0,0,0,0,0,0,0,0.8,0.6
2019,17,20191229,DEN,vs OAK,RB,Phillip Lindsay,0,0,0,0,0,0,15,60,0.5,0.14,2.2,14.3,0.11,0,0.12,0.03,0,0,0,0,0,0,0,0,0,0,13.7,12
2019,17,20191229,DEN,vs OAK,RB,Royce Freeman,0,0,0,0,0,0,7.6,26.6,0.22,0,2.6,17.42,0.13,0,0.07,0.02,0,0,0,0,0,0,0,0,0,0,9.1,7.7
2019,17,20191229,DEN,vs OAK,TE,Andrew Beck,0,0,0,0,0,0,0.2,1,0,0,0.6,6.06,0.04,0,0.01,0,0,0,0,0,0,0,0,0,0,0,1.5,1.2
2019,17,20191229,DEN,vs OAK,TE,Jeff Heuerman,0,0,0,0,0,0,0,0,0,0,1.1,11.11,0.11,0,0.01,0.01,0,0,0,0,0,0,0,0,0,0,2.9,2.3
2019,17,20191229,DEN,vs OAK,TE,Noah Fant,0,0,0,0,0,0,0,0,0,0,2.7,31.05,0.26,0,0.03,0.01,0,0,0,0,0,0,0,0,0,0,7.4,6
2019,17,20191229,DEN,vs OAK,TE,Troy Fumagalli,0,0,0,0,0,0,0,0,0,0,0.2,2.1,0.01,0,0,0,0,0,0,0,0,0,0,0,0,0,0.5,0.4
2019,17,20191229,DEN,vs OAK,WR,Courtland Sutton,0,0,0,0,0,0,0.3,1.8,0,0,4.7,69.56,0.45,0.25,0.05,0,0,0,0,0,0,0,0,0,0,0,15.2,12.1
2019,17,20191229,DEN,vs OAK,WR,DaeSean Hamilton,0,0,0,0,0,0,0,0,0,0,2.2,24.73,0.16,0,0.02,0,0,0,0,0,0,0,0,0,0,0,5.6,4.5
2019,17,20191229,DEN,vs OAK,WR,Diontae Spencer,0,0,0,0,0,0,0,0,0,0,0,0,0,0,0,0,0,0,0,0,0,0,0,0,0,0,0,0
2019,17,20191229,DEN,vs OAK,WR,Fred Brown,0,0,0,0,0,0,0,0,0,0,0,0,0,0,0,0,0,0,0,0,0,0,0,0,0,0,0,0
2019,17,20191229,DEN,vs OAK,WR,Tim Patrick,0,0,0,0,0,0,0,0,0,0,2.5,30.75,0.2,0,0.02,0,0,0,0,0,0,0,0,0,0,0,6.8,5.5
2019,17,20191229,DET,vs GB,D,Detroit Defense,0,0,0,0,0,0,0,0,0,0,0,0,0,0,0,0,358.52,28,2.2,0.5,1.35,0.59,0.16,0.03,0.08,0.04,4.8,4.8
2019,17,20191229,MIA,@ NE,QB,Ryan Fitzpatrick,33.82,21.48,230,0.98,1.4,0.16,3.9,16.77,0.09,0.01,0,0,0,0,0,0,0,0,0,0,0,0,0,0,0,0,14.4,13.9
2019,17,20191229,OAK,@ DEN,QB,Derek Carr,30.32,20.16,235,1.21,0.68,0.18,1,1.5,0.03,0,0,0,0,0,0,0,0,0,0,0,0,0,0,0,0,0,14.4,13.9
2019,17,20191229,NYJ,@ BUF,QB,Sam Darnold,29.14,18.51,204,1.3,1.02,0.07,2,6,0.11,0,0,0,0,0,0,0,0,0,0,0,0,0,0,0,0,0,13.8,13.6
2019,17,20191229,DET,vs GB,RB,Bo Scarbrough,0,0,0,0,0,0,6.6,25.08,0.11,0,0,0,0,0,0.04,0,0,0,0,0,0,0,0,0,0,0,3.1,3.1
2019,17,20191229,DET,vs GB,RB,J.D. McKissic,0,0,0,0,0,0,1.2,4.8,0.01,0,1.5,10.5,0.04,0,0.02,0,0,0,0,0,0,0,0,0,0,0,3.3,2.5
2019,17,20191229,DET,vs GB,RB,Kerryon Johnson,0,0,0,0,0,0,11.1,43.29,0.15,0.03,1.6,12.32,0.07,0,0.09,0.01,0,0,0,0,0,0,0,0,0,0,8.5,7.5
2019,17,20191229,DET,vs GB,RB,Ty Johnson,0,0,0,0,0,0,4,13.2,0.04,0,0.6,4.2,0.02,0,0.03,0,0,0,0,0,0,0,0,0,0,0,2.7,2.3
2019,17,20191229,DET,vs GB,RB,Wes Hills,0,0,0,0,0,0,0,0,0,0,0,0,0,0,0,0,0,0,0,0,0,0,0,0,0,0,0,0
2019,17,20191229,DET,vs GB,TE,Isaac Nauta,0,0,0,0,0,0,0,0,0,0,0.2,2.12,0.01,0,0,0,0,0,0,0,0,0,0,0,0,0,0.5,0.4
2019,17,20191229,DET,vs GB,TE,Jesse James,0,0,0,0,0,0,0,0,0,0,1.8,17.64,0.1,0,0.02,0,0,0,0,0,0,0,0,0,0,0,4.1,3.2
2019,17,20191229,DET,vs GB,TE,Logan Thomas,0,0,0,0,0,0,0,0,0,0,2,19.8,0.12,0,0.02,0.01,0,0,0,0,0,0,0,0,0,0,4.7,3.7
2019,17,20191229,DET,vs GB,TE,T.J. Hockenson,0,0,0,0,0,0,0,0,0,0,0,0,0,0,0,0,0,0,0,0,0,0,0,0,0,0,0,0
2019,17,20191229,DET,vs GB,WR,Chris Lacy,0,0,0,0,0,0,0,0,0,0,1.9,25.46,0.1,0,0.02,0,0,0,0,0,0,0,0,0,0,0,5,4.1
2019,17,20191229,DET,vs GB,WR,Danny Amendola,0,0,0,0,0,0,0,0,0,0,4.4,47.08,0.2,0.06,0.04,0,0,0,0,0,0,0,0,0,0,0,10.4,8
2019,17,20191229,DET,vs GB,WR,Kenny Golladay,0,0,0,0,0,0,0,0,0,0,4.3,60.2,0.43,0.16,0.04,0,0,0,0,0,0,0,0,0,0,0,13.3,10.7
2019,17,20191229,DET,vs GB,WR,Marvin Jones,0,0,0,0,0,0,0,0,0,0,0,0,0,0,0,0,0,0,0,0,0,0,0,0,0,0,0,0
2019,17,20191229,DET,vs GB,WR,Travis Fulgham,0,0,0,0,0,0,0,0,0,0,0.8,9.6,0.04,0,0.01,0,0,0,0,0,0,0,0,0,0,0,2,1.6
2019,17,20191229,GB,@ DET,D,Green Bay Defense,0,0,0,0,0,0,0,0,0,0,0,0,0,0,0,0,310.97,15.5,2.7,1.12,1.21,0.53,0.24,0.05,0.06,0.04,8.9,8.9
2019,17,20191229,GB,@ DET,FB,Dan Vitale,0,0,0,0,0,0,0,0,0,0,0,0,0,0,0,0,0,0,0,0,0,0,0,0,0,0,0,0
2019,17,20191229,HOU,vs TEN,QB,A.J. McCarron,29.86,17.57,215,1.19,0.95,0.1,2.5,6.25,0.08,0,0,0,0,0,0,0,0,0,0,0,0,0,0,0,0,0,13.8,13.5
2019,17,20191229,DET,vs GB,QB,David Blough,32.06,19.24,218,1.14,1.12,0.11,2,6.6,0.03,0,0,0,0,0,0,0,0,0,0,0,0,0,0,0,0,0,13.3,13
2019,17,20191229,GB,@ DET,RB,Aaron Jones,0,0,0,0,0,0,16.3,72.54,0.95,0.25,3.3,27.06,0.2,0,0.14,0.05,0,0,0,0,0,0,0,0,0,0,20.9,18.3
2019,17,20191229,GB,@ DET,RB,Dexter Williams,0,0,0,0,0,0,2.5,9.63,0.07,0,0.5,3.52,0.02,0,0.02,0,0,0,0,0,0,0,0,0,0,0,2.3,2.1
2019,17,20191229,GB,@ DET,RB,Jamaal Williams,0,0,0,0,0,0,0,0,0,0,0,0,0,0,0,0,0,0,0,0,0,0,0,0,0,0,0,0
2019,17,20191229,GB,@ DET,RB,Tyler Ervin,0,0,0,0,0,0,2.5,9.63,0.07,0,0.8,5.6,0.03,0,0.02,0,0,0,0,0,0,0,0,0,0,0,2.9,2.5
2019,17,20191229,GB,@ DET,TE,Jace Sternberger,0,0,0,0,0,0,0,0,0,0,0,0,0,0,0,0,0,0,0,0,0,0,0,0,0,0,0,0
2019,17,20191229,GB,@ DET,TE,Jimmy Graham,0,0,0,0,0,0,0,0,0,0,2.3,25.3,0.27,0,0.02,0.01,0,0,0,0,0,0,0,0,0,0,6.5,5.3
2019,17,20191229,GB,@ DET,TE,Marcedes Lewis,0,0,0,0,0,0,0,0,0,0,0.8,8.4,0.08,0,0.01,0,0,0,0,0,0,0,0,0,0,0,2.1,1.7
2019,17,20191229,GB,@ DET,TE,Robert Tonyan Jr.,0,0,0,0,0,0,0,0,0,0,0.7,8.4,0.06,0,0.01,0,0,0,0,0,0,0,0,0,0,0,1.9,1.5
2019,17,20191229,GB,@ DET,WR,Allen Lazard,0,0,0,0,0,0,0,0,0,0,3,41.4,0.24,0.03,0.03,0,0,0,0,0,0,0,0,0,0,0,8.6,7
2019,17,20191229,GB,@ DET,WR,Davante Adams,0,0,0,0,0,0,0,0,0,0,6.4,83.2,0.61,0.37,0.06,0,0,0,0,0,0,0,0,0,0,0,19.4,15.1
2019,17,20191229,GB,@ DET,WR,Geronimo Allison,0,0,0,0,0,0,0,0,0,0,1.7,18.36,0.13,0,0.02,0,0,0,0,0,0,0,0,0,0,0,4.3,3.4
2019,17,20191229,GB,@ DET,WR,Jake Kumerow,0,0,0,0,0,0,0,0,0,0,1.2,15.84,0.09,0,0.01,0,0,0,0,0,0,0,0,0,0,0,3.3,2.7
2019,17,20191229,GB,@ DET,WR,Marquez Valdes-Scantling,0,0,0,0,0,0,0.3,1.65,0,0,0.5,7.75,0.05,0,0.01,0,0,0,0,0,0,0,0,0,0,0,1.7,1.5
2019,17,20191229,GB,@ DET,WR,Ryan Grant,0,0,0,0,0,0,0,0,0,0,0,0,0,0,0,0,0,0,0,0,0,0,0,0,0,0,0,0
2019,17,20191229,HOU,vs TEN,D,Houston Defense,0,0,0,0,0,0,0,0,0,0,0,0,0,0,0,0,379.79,25.5,2.5,0.81,1.35,0.59,0.2,0.03,0.07,0.04,6.9,6.9
2019,17,20191229,HOU,vs TEN,K,Ka'imi Fairbairn,0,0,0,0,0,0,0,0,0,0,0,0,0,0,0,0,0,0,0,0,0,0,0,0,0,0,7,7
2019,17,20191229,CAR,vs NO,QB,Will Grier,31.51,18.83,230,0.94,1.1,0.16,2,7,0.05,0,0,0,0,0,0,0,0,0,0,0,0,0,0,0,0,0,13.3,12.9
2019,17,20191229,WAS,@ DAL,QB,Case Keenum,31.59,20.85,218,1.05,0.95,0.11,2,5,0.06,0,0,0,0,0,0,0,0,0,0,0,0,0,0,0,0,0,13.2,12.8
2019,17,20191229,HOU,vs TEN,RB,Carlos Hyde,0,0,0,0,0,0,15,58.5,0.37,0.12,0.8,5.6,0.03,0,0.11,0.01,0,0,0,0,0,0,0,0,0,0,9.9,9
2019,17,20191229,HOU,vs TEN,RB,Cullen Gillaspia,0,0,0,0,0,0,0,0,0,0,0,0,0,0,0,0,0,0,0,0,0,0,0,0,0,0,0,0
2019,17,20191229,HOU,vs TEN,RB,Duke Johnson,0,0,0,0,0,0,4,17.4,0.09,0,2.8,24.08,0.12,0,0.05,0.01,0,0,0,0,0,0,0,0,0,0,8.2,6.7
2019,17,20191229,HOU,vs TEN,RB,Gregory Howell,0,0,0,0,0,0,2,7.72,0.03,0,0.6,4.2,0.02,0,0.02,0,0,0,0,0,0,0,0,0,0,0,2.1,1.8
2019,17,20191229,HOU,vs TEN,RB,Taiwan Jones,0,0,0,0,0,0,2,7.8,0.03,0,0.6,4.2,0.02,0,0.02,0,0,0,0,0,0,0,0,0,0,0,2.1,1.8
2019,17,20191229,HOU,vs TEN,TE,Darren Fells,0,0,0,0,0,0,0,0,0,0,2.3,23,0.29,0,0.02,0.01,0,0,0,0,0,0,0,0,0,0,6.3,5.2
2019,17,20191229,HOU,vs TEN,TE,Jordan Akins,0,0,0,0,0,0,0,0,0,0,2.5,26.25,0.17,0,0.02,0.01,0,0,0,0,0,0,0,0,0,0,6.1,4.9
2019,17,20191229,HOU,vs TEN,WR,DeAndre Carter,0,0,0,0,0,0,0,0,0,0,3.3,39.6,0.18,0.02,0.03,0,0,0,0,0,0,0,0,0,0,0,8.4,6.6
2019,17,20191229,HOU,vs TEN,WR,DeAndre Hopkins,0,0,0,0,0,0,0.1,0.5,0,0,3.3,42.24,0.21,0.03,0.03,0,0,0,0,0,0,0,0,0,0,0,8.9,7.1
2019,17,20191229,HOU,vs TEN,WR,Keke Coutee,0,0,0,0,0,0,0,0,0,0,3,36,0.16,0.01,0.03,0,0,0,0,0,0,0,0,0,0,0,7.6,6
2019,17,20191229,HOU,vs TEN,WR,Kenny Stills,0,0,0,0,0,0,0,0,0,0,0,0,0,0,0,0,0,0,0,0,0,0,0,0,0,0,0,0
2019,17,20191229,HOU,vs TEN,WR,Steven Mitchell,0,0,0,0,0,0,0,0,0,0,0,0,0,0,0,0,0,0,0,0,0,0,0,0,0,0,0,0
2019,17,20191229,HOU,vs TEN,WR,Will Fuller,0,0,0,0,0,0,0,0,0,0,0,0,0,0,0,0,0,0,0,0,0,0,0,0,0,0,0,0
2019,17,20191229,IND,@ JAX,D,Indianapolis Defense,0,0,0,0,0,0,0,0,0,0,0,0,0,0,0,0,326.04,17.5,2.5,0.85,1.21,0.53,0.2,0.05,0.07,0.04,7.9,7.9
2019,17,20191229,LA,vs ARI,QB,Jared Goff,27.78,17.64,200,1.17,0.8,0.05,1,1.2,0.09,0,0,0,0,0,0,0,0,0,0,0,0,0,0,0,0,0,12.7,12.5
2019,17,20191229,PIT,@ BAL,QB,Devlin Hodges,28.47,17.08,195,1.13,1,0.04,2.5,7.5,0.06,0,0,0,0,0,0,0,0,0,0,0,0,0,0,0,0,0,12.6,12.4
2019,17,20191229,MIN,vs CHI,QB,Sean Mannion,26.39,15.57,190,0.92,0.9,0.03,2.5,6.25,0.06,0,0,0,0,0,0,0,0,0,0,0,0,0,0,0,0,0,11.5,11.4
2019,17,20191229,IND,@ JAX,RB,Jonathan Williams,0,0,0,0,0,0,2.8,10.92,0.13,0,0.4,2.8,0.02,0,0.02,0.01,0,0,0,0,0,0,0,0,0,0,2.7,2.5
2019,17,20191229,IND,@ JAX,RB,Jordan Wilkins,0,0,0,0,0,0,0,0,0,0,0,0,0,0,0,0,0,0,0,0,0,0,0,0,0,0,0,0
2019,17,20191229,IND,@ JAX,RB,Marlon Mack,0,0,0,0,0,0,17.5,77.88,0.64,0.31,0.9,6.03,0.03,0,0.12,0.03,0,0,0,0,0,0,0,0,0,0,14.2,12.7
2019,17,20191229,IND,@ JAX,RB,Nyheim Hines,0,0,0,0,0,0,2.8,10.5,0.1,0,2.3,16.1,0.09,0,0.04,0.01,0,0,0,0,0,0,0,0,0,0,6.1,4.9
2019,17,20191229,IND,@ JAX,TE,Eric Ebron,0,0,0,0,0,0,0,0,0,0,0,0,0,0,0,0,0,0,0,0,0,0,0,0,0,0,0,0
2019,17,20191229,IND,@ JAX,TE,Jack Doyle,0,0,0,0,0,0,0,0,0,0,3.6,35.64,0.36,0.01,0.03,0.02,0,0,0,0,0,0,0,0,0,0,9.4,7.5
2019,17,20191229,IND,@ JAX,TE,Mo Alie-Cox,0,0,0,0,0,0,0,0,0,0,0.8,8.16,0.06,0,0.01,0,0,0,0,0,0,0,0,0,0,0,2,1.6
2019,17,20191229,IND,@ JAX,WR,Ashton Dulin,0,0,0,0,0,0,0,0,0,0,0.1,1.25,0,0,0,0,0,0,0,0,0,0,0,0,0,0,0.2,0.2
2019,17,20191229,IND,@ JAX,WR,Chad Williams,0,0,0,0,0,0,0,0,0,0,0,0,0,0,0,0,0,0,0,0,0,0,0,0,0,0,0,0
2019,17,20191229,IND,@ JAX,WR,Chester Rogers,0,0,0,0,0,0,0,0,0,0,0,0,0,0,0,0,0,0,0,0,0,0,0,0,0,0,0,0
2019,17,20191229,IND,@ JAX,WR,Dontrelle Inman,0,0,0,0,0,0,0,0,0,0,0.8,9.6,0.05,0,0.01,0,0,0,0,0,0,0,0,0,0,0,2.1,1.6
2019,17,20191229,IND,@ JAX,WR,Marcus Johnson,0,0,0,0,0,0,0,0,0,0,2.3,28.52,0.17,0,0.02,0,0,0,0,0,0,0,0,0,0,0,6.2,5
2019,17,20191229,IND,@ JAX,WR,Parris Campbell,0,0,0,0,0,0,0,0,0,0,0,0,0,0,0,0,0,0,0,0,0,0,0,0,0,0,0,0
2019,17,20191229,IND,@ JAX,WR,T.Y. Hilton,0,0,0,0,0,0,0,0,0,0,4.3,53.75,0.38,0.11,0.04,0,0,0,0,0,0,0,0,0,0,0,12.2,9.7
2019,17,20191229,IND,@ JAX,WR,Zach Pascal,0,0,0,0,0,0,0,0,0,0,3.1,38.75,0.28,0.02,0.03,0,0,0,0,0,0,0,0,0,0,0,8.7,7
2019,17,20191229,JAX,vs IND,D,Jacksonville Defense,0,0,0,0,0,0,0,0,0,0,0,0,0,0,0,0,329.18,24,2.3,0.77,1.28,0.56,0.19,0.04,0.07,0.04,6.6,6.6
2019,17,20191229,BUF,vs NYJ,QB,Matt Barkley,23.13,13.53,155,0.84,0.75,0,2,5.6,0.05,0,0,0,0,0,0,0,0,0,0,0,0,0,0,0,0,0,9.7,9.7
2019,17,20191229,NO,@ CAR,QB,Taysom Hill,0.63,0.38,4,0.06,0.04,0,2.2,12.65,0.11,0,1.5,15,0.18,0,0.01,0,0,0,0,0,0,0,0,0,0,0,6.4,5.6
2019,17,20191229,LA,vs ARI,QB,Blake Bortles,5.56,3.39,40,0.5,0.3,0,2.5,10.5,0.11,0,0,0,0,0,0,0,0,0,0,0,0,0,0,0,0,0,5,5
2019,17,20191229,JAX,vs IND,RB,Devine Ozigbo,0,0,0,0,0,0,4.5,18,0.08,0,1,7,0.03,0,0.04,0.01,0,0,0,0,0,0,0,0,0,0,4.1,3.6
2019,17,20191229,JAX,vs IND,RB,Leonard Fournette,0,0,0,0,0,0,0,0,0,0,0,0,0,0,0,0,0,0,0,0,0,0,0,0,0,0,0,0
2019,17,20191229,JAX,vs IND,RB,Ryquell Armstead,0,0,0,0,0,0,14.8,57.72,0.31,0.12,3,21,0.09,0,0.13,0.04,0,0,0,0,0,0,0,0,0,0,13.6,11.6
2019,17,20191229,JAX,vs IND,TE,Ben Koyack,0,0,0,0,0,0,0,0,0,0,0.5,5.04,0.03,0,0,0,0,0,0,0,0,0,0,0,0,0,0.7,0.7
2019,17,20191229,JAX,vs IND,TE,Charles Jones,0,0,0,0,0,0,0,0,0,0,0,0,0,0,0,0,0,0,0,0,0,0,0,0,0,0,0,0
2019,17,20191229,JAX,vs IND,TE,Nick O'Leary,0,0,0,0,0,0,0,0,0,0,0,0,0,0,0,0,0,0,0,0,0,0,0,0,0,0,0,0
2019,17,20191229,JAX,vs IND,TE,Seth DeValve,0,0,0,0,0,0,0,0,0,0,2.1,21.42,0.17,0,0.02,0.01,0,0,0,0,0,0,0,0,0,0,5,4
2019,17,20191229,JAX,vs IND,WR,Chris Conley,0,0,0,0,0,0,0.07,0.32,0,0,3.3,47.19,0.27,0.06,0.03,0,0,0,0,0,0,0,0,0,0,0,9.8,8
2019,17,20191229,JAX,vs IND,WR,CJ Board,0,0,0,0,0,0,0,0,0,0,0,0,0,0,0,0,0,0,0,0,0,0,0,0,0,0,0,0
2019,17,20191229,JAX,vs IND,WR,Dede Westbrook,0,0,0,0,0,0,0,0,0,0,3.7,39.96,0.23,0.02,0.04,0,0,0,0,0,0,0,0,0,0,0,9.1,7.1
2019,17,20191229,JAX,vs IND,WR,DJ Chark,0,0,0,0,0,0,0,0,0,0,4,50,0.33,0.08,0.04,0,0,0,0,0,0,0,0,0,0,0,11.2,8.9
2019,17,20191229,JAX,vs IND,WR,Keelan Cole,0,0,0,0,0,0,0,0,0,0,1.6,20,0.1,0,0.02,0,0,0,0,0,0,0,0,0,0,0,4.2,3.4
2019,17,20191229,JAX,vs IND,WR,Michael Walker,0,0,0,0,0,0,0,0,0,0,0,0,0,0,0,0,0,0,0,0,0,0,0,0,0,0,0,0
2019,17,20191229,KC,vs LAC,D,Kansas City Defense,0,0,0,0,0,0,0,0,0,0,0,0,0,0,0,0,351.18,18,2.4,0.93,1.21,0.53,0.21,0.05,0.07,0.04,8.1,8.1
2019,17,20191229,KC,vs LAC,FB,Anthony Sherman,0,0,0,0,0,0,0.1,0.36,0,0,0.2,1.4,0.01,0,0,0,0,0,0,0,0,0,0,0,0,0,0.4,0.3
2019,17,20191229,KC,vs LAC,K,Harrison Butker,0,0,0,0,0,0,0,0,0,0,0,0,0,0,0,0,0,0,0,0,0,0,0,0,0,0,9.7,9.7
2019,17,20191229,BUF,vs NYJ,QB,Joshua Allen,5.97,3.55,40,0.28,0.15,0,1.5,8.25,0.13,0,0,0,0,0,0,0,0,0,0,0,0,0,0,0,0,0,4.2,4.2
2019,17,20191229,BAL,vs PIT,QB,Trace McSorley,2.27,1.31,15,0.12,0.09,0,0.9,3.6,0.03,0,0,0,0,0,0,0,0,0,0,0,0,0,0,0,0,0,1.5,1.5
2019,17,20191229,KC,vs LAC,RB,Damien Williams,0,0,0,0,0,0,12.2,51.24,0.37,0.07,2.9,20.53,0.13,0,0.11,0.01,0,0,0,0,0,0,0,0,0,0,13.2,11.4
2019,17,20191229,KC,vs LAC,RB,Darrel Williams,0,0,0,0,0,0,0,0,0,0,0,0,0,0,0,0,0,0,0,0,0,0,0,0,0,0,0,0
2019,17,20191229,KC,vs LAC,RB,Darwin Thompson,0,0,0,0,0,0,3.9,16.58,0.09,0,0.9,6.57,0.05,0,0.03,0,0,0,0,0,0,0,0,0,0,0,4,3.5
2019,17,20191229,KC,vs LAC,RB,LeSean McCoy,0,0,0,0,0,0,5.7,23.94,0.21,0,1.2,8.7,0.06,0,0.05,0.01,0,0,0,0,0,0,0,0,0,0,6.1,5.4
2019,17,20191229,KC,vs LAC,RB,Spencer Ware,0,0,0,0,0,0,0,0,0,0,0,0,0,0,0,0,0,0,0,0,0,0,0,0,0,0,0,0
2019,17,20191229,KC,vs LAC,TE,Blake Bell,0,0,0,0,0,0,0,0,0,0,0.6,6.6,0.05,0,0.01,0,0,0,0,0,0,0,0,0,0,0,1.6,1.2
2019,17,20191229,KC,vs LAC,TE,Deon Yelder,0,0,0,0,0,0,0,0,0,0,0,0,0,0,0,0,0,0,0,0,0,0,0,0,0,0,0,0
2019,17,20191229,KC,vs LAC,TE,Travis Kelce,0,0,0,0,0,0,0,0,0,0,5.7,68.4,0.53,0.24,0.05,0.01,0,0,0,0,0,0,0,0,0,0,16.4,12.8
2019,17,20191229,KC,vs LAC,WR,Byron Pringle,0,0,0,0,0,0,0,0,0,0,0.1,1.2,0.01,0,0,0,0,0,0,0,0,0,0,0,0,0,0.3,0.2
2019,17,20191229,KC,vs LAC,WR,Demarcus Robinson,0,0,0,0,0,0,0,0,0,0,1.6,18.4,0.16,0,0.02,0,0,0,0,0,0,0,0,0,0,0,4.4,3.6
2019,17,20191229,KC,vs LAC,WR,Mecole Hardman,0,0,0,0,0,0,0.2,1.2,0,0,1,18,0.23,0,0.01,0,0,0,0,0,0,0,0,0,0,0,4.3,3.8
2019,17,20191229,KC,vs LAC,WR,Sammy Watkins,0,0,0,0,0,0,0.2,1,0,0,3.5,43.75,0.29,0.04,0.03,0,0,0,0,0,0,0,0,0,0,0,9.8,7.9
2019,17,20191229,KC,vs LAC,WR,Tyreek Hill,0,0,0,0,0,0,0.8,4,0.01,0,5.1,71.4,0.65,0.27,0.05,0,0,0,0,0,0,0,0,0,0,0,17.4,14
2019,17,20191229,LA,vs ARI,D,LA Rams Defense,0,0,0,0,0,0,0,0,0,0,0,0,0,0,0,0,340.73,18.5,3.1,0.9,1.24,0.54,0.21,0.05,0.07,0.04,8.7,8.7
2019,17,20191229,ARI,@ LA,QB,Brett Hundley,2.17,1.38,15,0.06,0.2,0,1,4,0.03,0,0,0,0,0,0,0,0,0,0,0,0,0,0,0,0,0,1.2,1.2
2019,17,20191229,ATL,@ TB,QB,Matt Schaub,0,0,0,0,0,0,0,0,0,0,0,0,0,0,0,0,0,0,0,0,0,0,0,0,0,0,0,0
2019,17,20191229,LA,vs ARI,RB,Darrell Henderson,0,0,0,0,0,0,0,0,0,0,0,0,0,0,0,0,0,0,0,0,0,0,0,0,0,0,0,0
2019,17,20191229,LA,vs ARI,RB,Malcolm Brown,0,0,0,0,0,0,7.5,29.4,0.28,0,0.1,0.7,0.01,0,0.05,0.01,0,0,0,0,0,0,0,0,0,0,4.8,4.7
2019,17,20191229,LA,vs ARI,RB,Todd Gurley,0,0,0,0,0,0,13,50.7,0.56,0.06,2,14,0.09,0,0.1,0.03,0,0,0,0,0,0,0,0,0,0,12.5,11.2
2019,17,20191229,LA,vs ARI,TE,Gerald Everett,0,0,0,0,0,0,0,0,0,0,1,11,0.07,0,0.01,0,0,0,0,0,0,0,0,0,0,0,2.5,2
2019,17,20191229,LA,vs ARI,TE,Johnny Mundt,0,0,0,0,0,0,0,0,0,0,0.3,3,0.02,0,0,0,0,0,0,0,0,0,0,0,0,0,0.7,0.6
2019,17,20191229,LA,vs ARI,TE,Kendall  Blanton,0,0,0,0,0,0,0,0,0,0,0,0,0,0,0,0,0,0,0,0,0,0,0,0,0,0,0,0
2019,17,20191229,LA,vs ARI,TE,Tyler Higbee,0,0,0,0,0,0,0,0,0,0,4.9,49,0.3,0.07,0.05,0.01,0,0,0,0,0,0,0,0,0,0,11.8,9.1
2019,17,20191229,LA,vs ARI,WR,Brandin Cooks,0,0,0,0,0,0,0.6,3,0,0,2.8,36.4,0.27,0.01,0.03,0,0,0,0,0,0,0,0,0,0,0,8.4,6.9
2019,17,20191229,LA,vs ARI,WR,Cooper Kupp,0,0,0,0,0,0,0.2,0.9,0,0,4.2,49.56,0.41,0.08,0.04,0,0,0,0,0,0,0,0,0,0,0,11.9,9.5
2019,17,20191229,LA,vs ARI,WR,Josh Reynolds,0,0,0,0,0,0,0.8,4.16,0.01,0,1.6,20,0.14,0,0.02,0,0,0,0,0,0,0,0,0,0,0,4.9,4.1
2019,17,20191229,LA,vs ARI,WR,Mike Thomas,0,0,0,0,0,0,0,0,0,0,0.2,2.4,0.01,0,0,0,0,0,0,0,0,0,0,0,0,0,0.5,0.4
2019,17,20191229,LA,vs ARI,WR,Nsimba Webster,0,0,0,0,0,0,0,0,0,0,0.2,2.4,0.01,0,0,0,0,0,0,0,0,0,0,0,0,0,0.5,0.4
2019,17,20191229,LA,vs ARI,WR,Robert Woods,0,0,0,0,0,0,0.8,4.56,0.01,0,4.9,62.72,0.33,0.19,0.05,0,0,0,0,0,0,0,0,0,0,0,14.2,11.1
2019,17,20191229,LAC,@ KC,D,LA Chargers Defense,0,0,0,0,0,0,0,0,0,0,0,0,0,0,0,0,387.52,27.5,1.9,0.64,1.35,0.59,0.18,0.03,0.08,0.04,4.9,4.9
2019,17,20191229,LAC,@ KC,FB,Derek Watt,0,0,0,0,0,0,0.1,0.36,0.04,0,0.1,0.65,0.01,0,0,0,0,0,0,0,0,0,0,0,0,0,0.5,0.5
2019,17,20191229,LAC,@ KC,K,Michael Badgley,0,0,0,0,0,0,0,0,0,0,0,0,0,0,0,0,0,0,0,0,0,0,0,0,0,0,6.6,6.6
2019,17,20191229,BAL,vs PIT,QB,Lamar Jackson,0,0,0,0,0,0,0,0,0,0,0,0,0,0,0,0,0,0,0,0,0,0,0,0,0,0,0,0
2019,17,20191229,CAR,vs NO,QB,Kyle Allen,0,0,0,0,0,0,0,0,0,0,0,0,0,0,0,0,0,0,0,0,0,0,0,0,0,0,0,0
2019,17,20191229,CHI,@ MIN,QB,Chase Daniel,0,0,0,0,0,0,0,0,0,0,0,0,0,0,0,0,0,0,0,0,0,0,0,0,0,0,0,0
2019,17,20191229,LAC,@ KC,RB,Austin Ekeler,0,0,0,0,0,0,7.6,28.42,0.12,0,4.6,44.85,0.23,0.05,0.09,0.01,0,0,0,0,0,0,0,0,0,0,14.1,11.6
2019,17,20191229,LAC,@ KC,RB,Justin Jackson,0,0,0,0,0,0,2,8.88,0.05,0,0.3,2.33,0.01,0,0.02,0,0,0,0,0,0,0,0,0,0,0,1.8,1.6
2019,17,20191229,LAC,@ KC,RB,Melvin Gordon,0,0,0,0,0,0,13.2,53.46,0.26,0.08,2.9,20.3,0.1,0,0.11,0.02,0,0,0,0,0,0,0,0,0,0,12.6,10.8
2019,17,20191229,LAC,@ KC,RB,Troymaine Pope,0,0,0,0,0,0,0,0,0,0,0,0,0,0,0,0,0,0,0,0,0,0,0,0,0,0,0,0
2019,17,20191229,LAC,@ KC,TE,Hunter Henry,0,0,0,0,0,0,0,0,0,0,4,46.2,0.3,0.05,0.04,0.01,0,0,0,0,0,0,0,0,0,0,10.6,8.4
2019,17,20191229,LAC,@ KC,TE,Lance Kendricks,0,0,0,0,0,0,0,0,0,0,0,0,0,0,0,0,0,0,0,0,0,0,0,0,0,0,0,0
2019,17,20191229,LAC,@ KC,TE,Virgil Green,0,0,0,0,0,0,0,0,0,0,0.5,5.35,0.03,0,0,0,0,0,0,0,0,0,0,0,0,0,1.2,1
2019,17,20191229,LAC,@ KC,WR,Andre Patton,0,0,0,0,0,0,0,0,0,0,1,12.2,0.05,0,0.01,0,0,0,0,0,0,0,0,0,0,0,2.5,2
2019,17,20191229,LAC,@ KC,WR,Jalen Guyton,0,0,0,0,0,0,0,0,0,0,0,0,0,0,0,0,0,0,0,0,0,0,0,0,0,0,0,0
2019,17,20191229,LAC,@ KC,WR,Jason Moore,0,0,0,0,0,0,0,0,0,0,0,0,0,0,0,0,0,0,0,0,0,0,0,0,0,0,0,0
2019,17,20191229,LAC,@ KC,WR,Keenan Allen,0,0,0,0,0,0,0.2,0.86,0,0,5.5,61.6,0.33,0.17,0.05,0,0,0,0,0,0,0,0,0,0,0,14.2,10.9
2019,17,20191229,LAC,@ KC,WR,Mike Williams,0,0,0,0,0,0,0,0,0,0,3.1,55.8,0.25,0.12,0.03,0,0,0,0,0,0,0,0,0,0,0,10.5,8.6
2019,17,20191229,MIA,@ NE,D,Miami Defense,0,0,0,0,0,0,0,0,0,0,0,0,0,0,0,0,370.57,31,1.7,0.5,1.53,0.67,0.17,0.02,0.08,0.03,4.4,4.4
2019,17,20191229,MIA,@ NE,FB,Chandler Cox,0,0,0,0,0,0,0,0,0,0,0,0,0,0,0,0,0,0,0,0,0,0,0,0,0,0,0,0
2019,17,20191229,CIN,vs CLE,QB,Ryan Finley,0,0,0,0,0,0,0,0,0,0,0,0,0,0,0,0,0,0,0,0,0,0,0,0,0,0,0,0
2019,17,20191229,CLE,@ CIN,QB,Garrett Gilbert,0,0,0,0,0,0,0,0,0,0,0,0,0,0,0,0,0,0,0,0,0,0,0,0,0,0,0,0
2019,17,20191229,MIA,@ NE,RB,De'Lance Turner,0,0,0,0,0,0,4.3,15.48,0.08,0,0.6,4.2,0.02,0,0.03,0,0,0,0,0,0,0,0,0,0,0,3.1,2.8
2019,17,20191229,MIA,@ NE,RB,Kalen Ballage,0,0,0,0,0,0,0,0,0,0,0,0,0,0,0,0,0,0,0,0,0,0,0,0,0,0,0,0
2019,17,20191229,MIA,@ NE,RB,Myles Gaskin,0,0,0,0,0,0,0,0,0,0,0,0,0,0,0,0,0,0,0,0,0,0,0,0,0,0,0,0
2019,17,20191229,MIA,@ NE,RB,Patrick Laird,0,0,0,0,0,0,10.2,33.66,0.14,0,3.5,25.2,0.1,0,0.1,0.01,0,0,0,0,0,0,0,0,0,0,10.7,8.9
2019,17,20191229,MIA,@ NE,TE,Clive Walford,0,0,0,0,0,0,0,0,0,0,0,0,0,0,0,0,0,0,0,0,0,0,0,0,0,0,0,0
2019,17,20191229,MIA,@ NE,TE,Durham Smythe,0,0,0,0,0,0,0,0,0,0,0.8,8.16,0.04,0,0.01,0,0,0,0,0,0,0,0,0,0,0,1.8,1.4
2019,17,20191229,MIA,@ NE,TE,Michael Gesicki,0,0,0,0,0,0,0,0,0,0,3.3,35.81,0.19,0.01,0.03,0.01,0,0,0,0,0,0,0,0,0,0,8,6.3
2019,17,20191229,MIA,@ NE,WR,Albert Wilson,0,0,0,0,0,0,0.6,3,0,0,3.9,34.32,0.14,0.01,0.04,0,0,0,0,0,0,0,0,0,0,0,8.5,6.4
2019,17,20191229,MIA,@ NE,WR,Allen Hurns,0,0,0,0,0,0,0,0,0,0,0,0,0,0,0,0,0,0,0,0,0,0,0,0,0,0,0,0
2019,17,20191229,MIA,@ NE,WR,DeVante Parker,0,0,0,0,0,0,0,0,0,0,4.1,55.76,0.31,0.12,0.04,0,0,0,0,0,0,0,0,0,0,0,11.9,9.4
2019,17,20191229,MIA,@ NE,WR,Isaiah Ford,0,0,0,0,0,0,0,0,0,0,2.2,28.6,0.13,0,0.02,0,0,0,0,0,0,0,0,0,0,0,5.8,4.7
2019,17,20191229,MIA,@ NE,WR,Jakeem Grant,0,0,0,0,0,0,0,0,0,0,0,0,0,0,0,0,0,0,0,0,0,0,0,0,0,0,0,0
2019,17,20191229,MIA,@ NE,WR,Mack Hollins,0,0,0,0,0,0,0,0,0,0,0.6,7.8,0.03,0,0.01,0,0,0,0,0,0,0,0,0,0,0,1.6,1.2
2019,17,20191229,MIA,@ NE,WR,Trevor Davis,0,0,0,0,0,0,0,0,0,0,0.3,3.66,0.01,0,0,0,0,0,0,0,0,0,0,0,0,0,0.7,0.6
2019,17,20191229,MIN,vs CHI,D,Minnesota Defense,0,0,0,0,0,0,0,0,0,0,0,0,0,0,0,0,324.94,19.25,2.7,0.9,1.18,0.52,0.21,0.05,0.06,0.04,8.3,8.3
2019,17,20191229,MIN,vs CHI,FB,C.J. Ham,0,0,0,0,0,0,1.2,3.95,0.04,0,1.3,8.45,0.04,0,0.02,0,0,0,0,0,0,0,0,0,0,0,3,2.3
2019,17,20191229,DAL,vs WAS,QB,Cooper Rush,0,0,0,0,0,0,0,0,0,0,0,0,0,0,0,0,0,0,0,0,0,0,0,0,0,0,0,0
2019,17,20191229,DEN,vs OAK,QB,Brandon Allen,0,0,0,0,0,0,0,0,0,0,0,0,0,0,0,0,0,0,0,0,0,0,0,0,0,0,0,0
2019,17,20191229,MIN,vs CHI,RB,Alexander Mattison,0,0,0,0,0,0,0,0,0,0,0,0,0,0,0,0,0,0,0,0,0,0,0,0,0,0,0,0
2019,17,20191229,MIN,vs CHI,RB,Ameer Abdullah,0,0,0,0,0,0,8,30.4,0.16,0,2.1,15.75,0.07,0,0.07,0.01,0,0,0,0,0,0,0,0,0,0,8,6.9
2019,17,20191229,MIN,vs CHI,RB,Dalvin Cook,0,0,0,0,0,0,0,0,0,0,0,0,0,0,0,0,0,0,0,0,0,0,0,0,0,0,0,0
2019,17,20191229,MIN,vs CHI,RB,Michael Boone,0,0,0,0,0,0,14,54.74,0.33,0.09,1.1,8.25,0.04,0,0.1,0.02,0,0,0,0,0,0,0,0,0,0,9.8,8.9
2019,17,20191229,MIN,vs CHI,TE,Irv Smith,0,0,0,0,0,0,0,0,0,0,2.6,23.01,0.15,0,0.02,0.01,0,0,0,0,0,0,0,0,0,0,5.8,4.5
2019,17,20191229,MIN,vs CHI,TE,Kyle Rudolph,0,0,0,0,0,0,0,0,0,0,0,0,0,0,0,0,0,0,0,0,0,0,0,0,0,0,0,0
2019,17,20191229,MIN,vs CHI,TE,Tyler Conklin,0,0,0,0,0,0,0,0,0,0,1.5,13.5,0.1,0,0.01,0,0,0,0,0,0,0,0,0,0,0,3.4,2.7
2019,17,20191229,MIN,vs CHI,WR,Adam Thielen,0,0,0,0,0,0,0,0,0,0,0,0,0,0,0,0,0,0,0,0,0,0,0,0,0,0,0,0
2019,17,20191229,MIN,vs CHI,WR,Chad Beebe,0,0,0,0,0,0,0,0,0,0,0,0,0,0,0,0,0,0,0,0,0,0,0,0,0,0,0,0
2019,17,20191229,MIN,vs CHI,WR,Laquon Treadwell,0,0,0,0,0,0,0,0,0,0,2.8,35.84,0.21,0.01,0.03,0,0,0,0,0,0,0,0,0,0,0,7.6,6.2
2019,17,20191229,MIN,vs CHI,WR,Olabisi Johnson,0,0,0,0,0,0,0.2,1,0,0,3.3,37.62,0.23,0.02,0.03,0,0,0,0,0,0,0,0,0,0,0,8.6,6.8
2019,17,20191229,MIN,vs CHI,WR,Stefon Diggs,0,0,0,0,0,0,0,0,0,0,0,0,0,0,0,0,0,0,0,0,0,0,0,0,0,0,0,0
2019,17,20191229,NE,vs MIA,D,New England Defense,0,0,0,0,0,0,0,0,0,0,0,0,0,0,0,0,304.43,14,3.2,1.4,1.06,0.47,0.26,0.06,0.06,0.04,10,10
2019,17,20191229,NE,vs MIA,FB,James Develin,0,0,0,0,0,0,0,0,0,0,0,0,0,0,0,0,0,0,0,0,0,0,0,0,0,0,0,0
2019,17,20191229,DET,vs GB,QB,Jeff Driskel,0,0,0,0,0,0,0,0,0,0,0,0,0,0,0,0,0,0,0,0,0,0,0,0,0,0,0,0
2019,17,20191229,DET,vs GB,QB,Matthew Stafford,0,0,0,0,0,0,0,0,0,0,0,0,0,0,0,0,0,0,0,0,0,0,0,0,0,0,0,0
2019,17,20191229,GB,@ DET,QB,Timothy Boyle,0,0,0,0,0,0,0,0,0,0,0,0,0,0,0,0,0,0,0,0,0,0,0,0,0,0,0,0
2019,17,20191229,NE,vs MIA,RB,Brandon Bolden,0,0,0,0,0,0,0.2,0.88,0.04,0,0.1,0.7,0.01,0,0,0,0,0,0,0,0,0,0,0,0,0,0.6,0.5
2019,17,20191229,NE,vs MIA,RB,Damien Harris,0,0,0,0,0,0,0,0,0,0,0,0,0,0,0,0,0,0,0,0,0,0,0,0,0,0,0,0
2019,17,20191229,NE,vs MIA,RB,James White,0,0,0,0,0,0,4.7,18.61,0.19,0,4.5,38.25,0.35,0.02,0.07,0.02,0,0,0,0,0,0,0,0,0,0,13.5,11.1
2019,17,20191229,NE,vs MIA,RB,Rex Burkhead,0,0,0,0,0,0,7.5,29.25,0.29,0,2.4,19.2,0.13,0,0.07,0.02,0,0,0,0,0,0,0,0,0,0,9.7,8.5
2019,17,20191229,NE,vs MIA,RB,Sony Michel,0,0,0,0,0,0,13.5,55.35,0.64,0.1,0.7,4.97,0.03,0,0.09,0.02,0,0,0,0,0,0,0,0,0,0,11,10.3
2019,17,20191229,NE,vs MIA,TE,Ben Watson,0,0,0,0,0,0,0,0,0,0,1.1,11.55,0.11,0,0.01,0,0,0,0,0,0,0,0,0,0,0,2.9,2.3
2019,17,20191229,NE,vs MIA,TE,Matt LaCosse,0,0,0,0,0,0,0,0,0,0,1.3,13.22,0.12,0,0.01,0,0,0,0,0,0,0,0,0,0,0,3.3,2.7
2019,17,20191229,NE,vs MIA,TE,Ryan Izzo,0,0,0,0,0,0,0,0,0,0,0,0,0,0,0,0,0,0,0,0,0,0,0,0,0,0,0,0
2019,17,20191229,NE,vs MIA,WR,Jakobi Meyers,0,0,0,0,0,0,0,0,0,0,1.3,15.6,0.1,0,0.01,0,0,0,0,0,0,0,0,0,0,0,3.5,2.8
2019,17,20191229,NE,vs MIA,WR,Julian Edelman,0,0,0,0,0,0,0.4,2.06,0,0,5.3,63.07,0.49,0.19,0.05,0,0,0,0,0,0,0,0,0,0,0,15.3,12
2019,17,20191229,NE,vs MIA,WR,Matt Slater,0,0,0,0,0,0,0,0,0,0,0,0,0,0,0,0,0,0,0,0,0,0,0,0,0,0,0,0
2019,17,20191229,NE,vs MIA,WR,Mohamed Sanu,0,0,0,0,0,0,0,0,0,0,3.5,39.9,0.34,0.02,0.03,0,0,0,0,0,0,0,0,0,0,0,9.6,7.7
2019,17,20191229,NE,vs MIA,WR,N'Keal Harry,0,0,0,0,0,0,0.3,1.41,0,0,2.2,29.26,0.28,0,0.02,0,0,0,0,0,0,0,0,0,0,0,6.9,5.8
2019,17,20191229,NE,vs MIA,WR,Phillip Dorsett,0,0,0,0,0,0,0,0,0,0,0.7,8.75,0.07,0,0.01,0,0,0,0,0,0,0,0,0,0,0,2,1.6
2019,17,20191229,NO,@ CAR,D,New Orleans Defense,0,0,0,0,0,0,0,0,0,0,0,0,0,0,0,0,321.42,15,3.2,1.1,1.18,0.52,0.23,0.05,0.06,0.04,9.3,9.3
2019,17,20191229,NO,@ CAR,FB,Zach Line,0,0,0,0,0,0,0,0,0,0,0,0,0,0,0,0,0,0,0,0,0,0,0,0,0,0,0,0
2019,17,20191229,NO,@ CAR,K,Wil Lutz,0,0,0,0,0,0,0,0,0,0,0,0,0,0,0,0,0,0,0,0,0,0,0,0,0,0,10.2,10.2
2019,17,20191229,HOU,vs TEN,QB,Deshaun Watson,0,0,0,0,0,0,0,0,0,0,0,0,0,0,0,0,0,0,0,0,0,0,0,0,0,0,0,0
2019,17,20191229,IND,@ JAX,QB,Brian Hoyer,0,0,0,0,0,0,0,0,0,0,0,0,0,0,0,0,0,0,0,0,0,0,0,0,0,0,0,0
2019,17,20191229,IND,@ JAX,QB,Chad Kelly,0,0,0,0,0,0,0,0,0,0,0,0,0,0,0,0,0,0,0,0,0,0,0,0,0,0,0,0
2019,17,20191229,NO,@ CAR,RB,Alvin Kamara,0,0,0,0,0,0,13.6,61.34,0.48,0.15,5.4,41.85,0.1,0.04,0.14,0.02,0,0,0,0,0,0,0,0,0,0,19.7,16.3
2019,17,20191229,NO,@ CAR,RB,Dwayne Washington,0,0,0,0,0,0,0,0,0,0,0,0,0,0,0,0,0,0,0,0,0,0,0,0,0,0,0,0
2019,17,20191229,NO,@ CAR,RB,Latavius Murray,0,0,0,0,0,0,8.8,37.4,0.37,0.01,1.6,11.6,0.09,0,0.07,0.02,0,0,0,0,0,0,0,0,0,0,9.3,8.4
2019,17,20191229,NO,@ CAR,TE,Jared Cook,0,0,0,0,0,0,0,0,0,0,3.5,47.25,0.46,0.06,0.03,0.02,0,0,0,0,0,0,0,0,0,0,11.2,9.2
2019,17,20191229,NO,@ CAR,TE,Josh Hill,0,0,0,0,0,0,0,0,0,0,1.2,11.38,0.12,0,0.01,0,0,0,0,0,0,0,0,0,0,0,3,2.4
2019,17,20191229,NO,@ CAR,WR,Deonte Harris,0,0,0,0,0,0,0,0,0,0,0.9,9.9,0.1,0,0.01,0,0,0,0,0,0,0,0,0,0,0,2.5,2
2019,17,20191229,NO,@ CAR,WR,Michael Thomas,0,0,0,0,0,0,0,0,0,0,8.4,99.96,0.59,0.5,0.08,0,0,0,0,0,0,0,0,0,0,0,23.4,17.6
2019,17,20191229,NO,@ CAR,WR,Ted Ginn,0,0,0,0,0,0,0.2,1.2,0,0,1.6,21.92,0.18,0,0.02,0,0,0,0,0,0,0,0,0,0,0,5,4.2
2019,17,20191229,NO,@ CAR,WR,Tre'Quan Smith,0,0,0,0,0,0,0,0,0,0,1.6,21.68,0.25,0,0.02,0,0,0,0,0,0,0,0,0,0,0,5.2,4.4
2019,17,20191229,NYG,vs PHI,D,NY Giants Defense,0,0,0,0,0,0,0,0,0,0,0,0,0,0,0,0,375.31,23.75,2.3,0.7,1.41,0.62,0.19,0.04,0.07,0.04,6.5,6.5
2019,17,20191229,NYG,vs PHI,K,Aldrick Rosas,0,0,0,0,0,0,0,0,0,0,0,0,0,0,0,0,0,0,0,0,0,0,0,0,0,0,6.9,6.9
2019,17,20191229,JAX,vs IND,QB,Joshua Dobbs,0,0,0,0,0,0,0,0,0,0,0,0,0,0,0,0,0,0,0,0,0,0,0,0,0,0,0,0
2019,17,20191229,JAX,vs IND,QB,Nick Foles,0,0,0,0,0,0,0,0,0,0,0,0,0,0,0,0,0,0,0,0,0,0,0,0,0,0,0,0
2019,17,20191229,KC,vs LAC,QB,Matt Moore,0,0,0,0,0,0,0,0,0,0,0,0,0,0,0,0,0,0,0,0,0,0,0,0,0,0,0,0
2019,17,20191229,NYG,vs PHI,RB,Elijhaa Penny,0,0,0,0,0,0,0.1,0.35,0,0,0,0,0,0,0,0,0,0,0,0,0,0,0,0,0,0,0,0
2019,17,20191229,NYG,vs PHI,RB,Javorius Allen,0,0,0,0,0,0,0.5,1.8,0.02,0,0.2,1.4,0.01,0,0.01,0,0,0,0,0,0,0,0,0,0,0,0.7,0.6
2019,17,20191229,NYG,vs PHI,RB,Saquon Barkley,0,0,0,0,0,0,18.3,78.69,0.38,0.32,3.8,28.88,0.13,0,0.16,0.03,0,0,0,0,0,0,0,0,0,0,18.5,15.5
2019,17,20191229,NYG,vs PHI,RB,Wayne Gallman,0,0,0,0,0,0,0,0,0,0,0,0,0,0,0,0,0,0,0,0,0,0,0,0,0,0,0,0
2019,17,20191229,NYG,vs PHI,TE,Evan Engram,0,0,0,0,0,0,0,0,0,0,0,0,0,0,0,0,0,0,0,0,0,0,0,0,0,0,0,0
2019,17,20191229,NYG,vs PHI,TE,Kaden Smith,0,0,0,0,0,0,0,0,0,0,3.5,33.25,0.28,0.01,0.03,0.02,0,0,0,0,0,0,0,0,0,0,8.5,6.7
2019,17,20191229,NYG,vs PHI,TE,Rhett Ellison,0,0,0,0,0,0,0,0,0,0,0,0,0,0,0,0,0,0,0,0,0,0,0,0,0,0,0,0
2019,17,20191229,NYG,vs PHI,WR,Cody Core,0,0,0,0,0,0,0,0,0,0,0,0,0,0,0,0,0,0,0,0,0,0,0,0,0,0,0,0
2019,17,20191229,NYG,vs PHI,WR,Cody Latimer,0,0,0,0,0,0,0,0,0,0,1.3,17.16,0.1,0,0.01,0,0,0,0,0,0,0,0,0,0,0,3.6,2.9
2019,17,20191229,NYG,vs PHI,WR,Darius Slayton,0,0,0,0,0,0,0,0,0,0,3,39.6,0.35,0.02,0.03,0,0,0,0,0,0,0,0,0,0,0,9.1,7.5
2019,17,20191229,NYG,vs PHI,WR,David Sills,0,0,0,0,0,0,0,0,0,0,0,0,0,0,0,0,0,0,0,0,0,0,0,0,0,0,0,0
2019,17,20191229,NYG,vs PHI,WR,Golden Tate,0,0,0,0,0,0,0,0,0,0,4,44,0.33,0.04,0.04,0,0,0,0,0,0,0,0,0,0,0,10.5,8.3
2019,17,20191229,NYG,vs PHI,WR,Russell Shepard,0,0,0,0,0,0,0,0,0,0,0,0,0,0,0,0,0,0,0,0,0,0,0,0,0,0,0,0
2019,17,20191229,NYG,vs PHI,WR,Sterling Shepard,0,0,0,0,0,0,0.2,0.9,0,0,4.6,52.9,0.32,0.1,0.05,0,0,0,0,0,0,0,0,0,0,0,12.2,9.5
2019,17,20191229,NYJ,@ BUF,D,NY Jets Defense,0,0,0,0,0,0,0,0,0,0,0,0,0,0,0,0,291.53,18.25,2.2,0.9,1.23,0.54,0.21,0.05,0.06,0.04,7.8,7.8
2019,17,20191229,LAC,@ KC,QB,Easton Stick,0,0,0,0,0,0,0,0,0,0,0,0,0,0,0,0,0,0,0,0,0,0,0,0,0,0,0,0
2019,17,20191229,LAC,@ KC,QB,Tyrod Taylor,0,0,0,0,0,0,0,0,0,0,0,0,0,0,0,0,0,0,0,0,0,0,0,0,0,0,0,0
2019,17,20191229,NYJ,@ BUF,RB,Bilal Powell,0,0,0,0,0,0,3,12.3,0.06,0,0.8,5.76,0.03,0,0.03,0,0,0,0,0,0,0,0,0,0,0,3.1,2.7
2019,17,20191229,NYJ,@ BUF,RB,Joshua Adams,0,0,0,0,0,0,0,0,0,0,0,0,0,0,0,0,0,0,0,0,0,0,0,0,0,0,0,0
2019,17,20191229,NYJ,@ BUF,RB,Le'Veon Bell,0,0,0,0,0,0,16.5,59.4,0.42,0.13,3.4,26.18,0.16,0,0.14,0.03,0,0,0,0,0,0,0,0,0,0,15.7,13.5
2019,17,20191229,NYJ,@ BUF,RB,Ty Montgomery,0,0,0,0,0,0,2.2,9.13,0.04,0,0.8,6.16,0.03,0,0.02,0,0,0,0,0,0,0,0,0,0,0,2.7,2.3
2019,17,20191229,NYJ,@ BUF,TE,Daniel Brown,0,0,0,0,0,0,0,0,0,0,1.1,10.78,0.09,0,0.01,0,0,0,0,0,0,0,0,0,0,0,2.7,2.1
2019,17,20191229,NYJ,@ BUF,TE,Ryan Griffin,0,0,0,0,0,0,0,0,0,0,0,0,0,0,0,0,0,0,0,0,0,0,0,0,0,0,0,0
2019,17,20191229,NYJ,@ BUF,TE,Trevon Wesco,0,0,0,0,0,0,0,0,0,0,0.5,5.5,0.04,0,0,0,0,0,0,0,0,0,0,0,0,0,1.3,1
2019,17,20191229,NYJ,@ BUF,WR,Braxton Berrios,0,0,0,0,0,0,0,0,0,0,0.7,8.4,0.04,0,0.01,0,0,0,0,0,0,0,0,0,0,0,1.8,1.4
2019,17,20191229,NYJ,@ BUF,WR,Demaryius Thomas,0,0,0,0,0,0,0,0,0,0,0,0,0,0,0,0,0,0,0,0,0,0,0,0,0,0,0,0
2019,17,20191229,NYJ,@ BUF,WR,Jamison Crowder,0,0,0,0,0,0,0.1,0.45,0,0,4.5,49.95,0.34,0.08,0.04,0,0,0,0,0,0,0,0,0,0,0,11.8,9.3
2019,17,20191229,NYJ,@ BUF,WR,Robby Anderson,0,0,0,0,0,0,0.2,0.9,0,0,3.5,49.35,0.36,0.07,0.03,0,0,0,0,0,0,0,0,0,0,0,10.9,8.9
2019,17,20191229,NYJ,@ BUF,WR,Vyncint Smith,0,0,0,0,0,0,0.6,3,0,0,2.8,36.4,0.2,0.01,0.03,0,0,0,0,0,0,0,0,0,0,0,7.9,6.5
2019,17,20191229,OAK,@ DEN,D,Oakland Defense,0,0,0,0,0,0,0,0,0,0,0,0,0,0,0,0,328.3,22.25,2.1,0.89,1.23,0.54,0.21,0.04,0.07,0.04,6.7,6.7
2019,17,20191229,OAK,@ DEN,FB,Alec Ingold,0,0,0,0,0,0,0.9,3.15,0.08,0,0.5,3.5,0.02,0,0.01,0,0,0,0,0,0,0,0,0,0,0,1.8,1.5
2019,17,20191229,MIA,@ NE,QB,Joshua Rosen,0,0,0,0,0,0,0,0,0,0,0,0,0,0,0,0,0,0,0,0,0,0,0,0,0,0,0,0
2019,17,20191229,MIN,vs CHI,QB,Kirk Cousins,0,0,0,0,0,0,0,0,0,0,0,0,0,0,0,0,0,0,0,0,0,0,0,0,0,0,0,0
2019,17,20191229,NE,vs MIA,QB,Cody Kessler,0,0,0,0,0,0,0,0,0,0,0,0,0,0,0,0,0,0,0,0,0,0,0,0,0,0,0,0
2019,17,20191229,OAK,@ DEN,RB,DeAndre Washington,0,0,0,0,0,0,15.5,57.35,0.39,0.11,3,22.2,0.07,0,0.13,0.01,0,0,0,0,0,0,0,0,0,0,13.9,12
2019,17,20191229,OAK,@ DEN,RB,Jalen Richard,0,0,0,0,0,0,5.5,23.54,0.16,0,2.8,22.12,0.1,0,0.06,0.01,0,0,0,0,0,0,0,0,0,0,8.9,7.4
2019,17,20191229,OAK,@ DEN,RB,Josh Jacobs,0,0,0,0,0,0,0,0,0,0,0,0,0,0,0,0,0,0,0,0,0,0,0,0,0,0,0,0
2019,17,20191229,OAK,@ DEN,RB,Rod Smith,0,0,0,0,0,0,0,0,0,0,0,0,0,0,0,0,0,0,0,0,0,0,0,0,0,0,0,0
2019,17,20191229,OAK,@ DEN,TE,Darren Waller,0,0,0,0,0,0,0,0,0,0,5.1,58.14,0.26,0.14,0.05,0.01,0,0,0,0,0,0,0,0,0,0,12.9,9.8
2019,17,20191229,OAK,@ DEN,TE,Derek Carrier,0,0,0,0,0,0,0,0,0,0,0.9,9.27,0.05,0,0.01,0,0,0,0,0,0,0,0,0,0,0,2.1,1.7
2019,17,20191229,OAK,@ DEN,TE,Eric Tomlinson,0,0,0,0,0,0,0,0,0,0,0,0,0,0,0,0,0,0,0,0,0,0,0,0,0,0,0,0
2019,17,20191229,OAK,@ DEN,WR,Hunter Renfrow,0,0,0,0,0,0,0,0,0,0,3.7,40.7,0.26,0.03,0.04,0,0,0,0,0,0,0,0,0,0,0,9.4,7.4
2019,17,20191229,OAK,@ DEN,WR,Keelan Doss,0,0,0,0,0,0,0,0,0,0,0.2,2.5,0.01,0,0,0,0,0,0,0,0,0,0,0,0,0,0.5,0.4
2019,17,20191229,OAK,@ DEN,WR,Marcell Ateman,0,0,0,0,0,0,0,0,0,0,0,0,0,0,0,0,0,0,0,0,0,0,0,0,0,0,0,0
2019,17,20191229,OAK,@ DEN,WR,Tyrell Williams,0,0,0,0,0,0,0,0,0,0,2.9,41.18,0.32,0.03,0.03,0,0,0,0,0,0,0,0,0,0,0,9,7.4
2019,17,20191229,OAK,@ DEN,WR,Zay Jones,0,0,0,0,0,0,0,0,0,0,1.8,18.72,0.11,0,0.02,0,0,0,0,0,0,0,0,0,0,0,4.3,3.4
2019,17,20191229,PHI,@ NYG,D,Philadelphia Defense,0,0,0,0,0,0,0,0,0,0,0,0,0,0,0,0,332.08,20.25,2.6,1.12,1.24,0.54,0.24,0.04,0.07,0.04,7.8,7.8
2019,17,20191229,PHI,@ NYG,K,Jake Elliott,0,0,0,0,0,0,0,0,0,0,0,0,0,0,0,0,0,0,0,0,0,0,0,0,0,0,8.4,8.4
2019,17,20191229,NE,vs MIA,QB,Jarrett Stidham,0,0,0,0,0,0,0,0,0,0,0,0,0,0,0,0,0,0,0,0,0,0,0,0,0,0,0,0
2019,17,20191229,NO,@ CAR,QB,Teddy Bridgewater,0,0,0,0,0,0,0,0,0,0,0,0,0,0,0,0,0,0,0,0,0,0,0,0,0,0,0,0
2019,17,20191229,NYG,vs PHI,QB,Alex Tanney,0,0,0,0,0,0,0,0,0,0,0,0,0,0,0,0,0,0,0,0,0,0,0,0,0,0,0,0
2019,17,20191229,PHI,@ NYG,RB,Boston Scott,0,0,0,0,0,0,4.1,18.33,0.16,0,2.1,15.75,0.1,0,0.05,0.02,0,0,0,0,0,0,0,0,0,0,7.1,6
2019,17,20191229,PHI,@ NYG,RB,Jay Ajayi,0,0,0,0,0,0,0,0,0,0,0,0,0,0,0,0,0,0,0,0,0,0,0,0,0,0,0,0
2019,17,20191229,PHI,@ NYG,RB,Jordan Howard,0,0,0,0,0,0,6.7,28.14,0.25,0,0.6,4.5,0.02,0,0.05,0.02,0,0,0,0,0,0,0,0,0,0,5.5,5.1
2019,17,20191229,PHI,@ NYG,RB,Miles Sanders,0,0,0,0,0,0,13.5,55.62,0.35,0.1,3.5,30.28,0.2,0,0.12,0.05,0,0,0,0,0,0,0,0,0,0,15.7,13.5
2019,17,20191229,PHI,@ NYG,TE,Dallas Goedert,0,0,0,0,0,0,0,0,0,0,5.6,56.62,0.5,0.13,0.05,0.04,0,0,0,0,0,0,0,0,0,0,14.7,11.4
2019,17,20191229,PHI,@ NYG,TE,Joshua Perkins,0,0,0,0,0,0,0,0,0,0,2.8,28,0.22,0,0.03,0.02,0,0,0,0,0,0,0,0,0,0,6.9,5.5
2019,17,20191229,PHI,@ NYG,TE,Zach Ertz,0,0,0,0,0,0,0,0,0,0,0,0,0,0,0,0,0,0,0,0,0,0,0,0,0,0,0,0
2019,17,20191229,PHI,@ NYG,WR,Alshon Jeffery,0,0,0,0,0,0,0,0,0,0,0,0,0,0,0,0,0,0,0,0,0,0,0,0,0,0,0,0
2019,17,20191229,PHI,@ NYG,WR,DeSean Jackson,0,0,0,0,0,0,0,0,0,0,0,0,0,0,0,0,0,0,0,0,0,0,0,0,0,0,0,0
2019,17,20191229,PHI,@ NYG,WR,Greg Ward Jr,0,0,0,0,0,0,0,0,0,0,4.1,49.2,0.29,0.07,0.04,0,0,0,0,0,0,0,0,0,0,0,10.9,8.6
2019,17,20191229,PHI,@ NYG,WR,JJ Arcega-Whiteside,0,0,0,0,0,0,0,0,0,0,2.1,26.88,0.16,0,0.02,0,0,0,0,0,0,0,0,0,0,0,5.7,4.7
2019,17,20191229,PHI,@ NYG,WR,Nelson Agholor,0,0,0,0,0,0,0,0,0,0,0,0,0,0,0,0,0,0,0,0,0,0,0,0,0,0,0,0
2019,17,20191229,PHI,@ NYG,WR,Robert Davis,0,0,0,0,0,0,0,0,0,0,1.6,20.8,0.1,0,0.02,0,0,0,0,0,0,0,0,0,0,0,4.3,3.4
2019,17,20191229,PIT,@ BAL,D,Pittsburgh Defense,0,0,0,0,0,0,0,0,0,0,0,0,0,0,0,0,302.32,18.75,2.1,0.74,1.18,0.52,0.19,0.05,0.07,0.04,7.2,7.2
2019,17,20191229,PIT,@ BAL,K,Chris Boswell,0,0,0,0,0,0,0,0,0,0,0,0,0,0,0,0,0,0,0,0,0,0,0,0,0,0,6.8,6.8
2019,17,20191229,NYG,vs PHI,QB,Eli Manning,0,0,0,0,0,0,0,0,0,0,0,0,0,0,0,0,0,0,0,0,0,0,0,0,0,0,0,0
2019,17,20191229,NYJ,@ BUF,QB,David Fales,0,0,0,0,0,0,0,0,0,0,0,0,0,0,0,0,0,0,0,0,0,0,0,0,0,0,0,0
2019,17,20191229,OAK,@ DEN,QB,Deshone Kizer,0,0,0,0,0,0,0,0,0,0,0,0,0,0,0,0,0,0,0,0,0,0,0,0,0,0,0,0
2019,17,20191229,PIT,@ BAL,RB,Benny Snell,0,0,0,0,0,0,12.3,47.36,0.33,0.05,0.3,2.12,0.01,0,0.08,0.02,0,0,0,0,0,0,0,0,0,0,7.4,7
2019,17,20191229,PIT,@ BAL,RB,Ferrell Edmunds,0,0,0,0,0,0,0,0,0,0,0,0,0,0,0,0,0,0,0,0,0,0,0,0,0,0,0,0
2019,17,20191229,PIT,@ BAL,RB,James Conner,0,0,0,0,0,0,0,0,0,0,0,0,0,0,0,0,0,0,0,0,0,0,0,0,0,0,0,0
2019,17,20191229,PIT,@ BAL,RB,Jaylen Samuels,0,0,0,0,0,0,3.6,13.68,0.08,0,3.1,23.87,0.09,0,0.05,0.01,0,0,0,0,0,0,0,0,0,0,7.8,6.2
2019,17,20191229,PIT,@ BAL,RB,Kerrith Whyte,0,0,0,0,0,0,6.2,26.04,0.15,0,0.3,2.1,0.01,0,0.04,0.01,0,0,0,0,0,0,0,0,0,0,4.1,3.9
2019,17,20191229,PIT,@ BAL,TE,Nick Vannett,0,0,0,0,0,0,0,0,0,0,0.6,5.85,0.03,0,0.01,0,0,0,0,0,0,0,0,0,0,0,1.4,1
2019,17,20191229,PIT,@ BAL,TE,Vance McDonald,0,0,0,0,0,0,0,0,0,0,2.4,20.4,0.2,0,0.02,0.01,0,0,0,0,0,0,0,0,0,0,5.6,4.4
2019,17,20191229,PIT,@ BAL,TE,Zach Gentry,0,0,0,0,0,0,0,0,0,0,0,0,0,0,0,0,0,0,0,0,0,0,0,0,0,0,0,0
2019,17,20191229,PIT,@ BAL,WR,Amara Darboh,0,0,0,0,0,0,0,0,0,0,0,0,0,0,0,0,0,0,0,0,0,0,0,0,0,0,0,0
2019,17,20191229,PIT,@ BAL,WR,Deon Cain,0,0,0,0,0,0,0,0,0,0,0.5,6.25,0.02,0,0,0,0,0,0,0,0,0,0,0,0,0,1.2,1
2019,17,20191229,PIT,@ BAL,WR,Diontae Johnson,0,0,0,0,0,0,0.3,1.65,0,0,3.8,45.98,0.28,0.05,0.04,0,0,0,0,0,0,0,0,0,0,0,10.4,8.3
2019,17,20191229,PIT,@ BAL,WR,James Washington,0,0,0,0,0,0,0,0,0,0,3.1,42.16,0.23,0.03,0.03,0,0,0,0,0,0,0,0,0,0,0,8.8,7.1
2019,17,20191229,PIT,@ BAL,WR,Johnny Holton,0,0,0,0,0,0,0,0,0,0,0,0,0,0,0,0,0,0,0,0,0,0,0,0,0,0,0,0
2019,17,20191229,PIT,@ BAL,WR,Juju Smith-Schuster,0,0,0,0,0,0,0,0,0,0,3.2,39.36,0.26,0.02,0.03,0,0,0,0,0,0,0,0,0,0,0,8.7,7
2019,17,20191229,SEA,vs SF,D,Seattle Defense,0,0,0,0,0,0,0,0,0,0,0,0,0,0,0,0,367.65,24.75,2.2,0.87,1.37,0.6,0.21,0.03,0.07,0.04,6.8,6.8
2019,17,20191229,SEA,vs SF,FB,Nick Bellore,0,0,0,0,0,0,0,0,0,0,0,0,0,0,0,0,0,0,0,0,0,0,0,0,0,0,0,0
2019,17,20191229,SEA,vs SF,K,Jason Myers,0,0,0,0,0,0,0,0,0,0,0,0,0,0,0,0,0,0,0,0,0,0,0,0,0,0,7.6,7.6
2019,17,20191229,OAK,@ DEN,QB,Mike Glennon,0,0,0,0,0,0,0,0,0,0,0,0,0,0,0,0,0,0,0,0,0,0,0,0,0,0,0,0
2019,17,20191229,PHI,@ NYG,QB,Josh McCown,0,0,0,0,0,0,0,0,0,0,0,0,0,0,0,0,0,0,0,0,0,0,0,0,0,0,0,0
2019,17,20191229,SEA,vs SF,RB,Marshawn Lynch,0,0,0,0,0,0,12.2,46.36,0.38,0.04,1,7,0.03,0,0.09,0.01,0,0,0,0,0,0,0,0,0,0,8.8,8.1
2019,17,20191229,SEA,vs SF,RB,Robert Turbin,0,0,0,0,0,0,2,7.6,0.05,0,0.2,1.4,0.01,0,0.01,0,0,0,0,0,0,0,0,0,0,0,1.5,1.3
2019,17,20191229,SEA,vs SF,RB,Travis Homer,0,0,0,0,0,0,8.5,32.3,0.19,0,2.2,16.24,0.08,0,0.08,0.01,0,0,0,0,0,0,0,0,0,0,8.6,7.4
2019,17,20191229,SEA,vs SF,TE,Jacob Hollister,0,0,0,0,0,0,0,0,0,0,3.6,36.72,0.31,0.01,0.03,0.01,0,0,0,0,0,0,0,0,0,0,9.2,7.3
2019,17,20191229,SEA,vs SF,TE,Luke Willson,0,0,0,0,0,0,0,0,0,0,0,0,0,0,0,0,0,0,0,0,0,0,0,0,0,0,0,0
2019,17,20191229,SEA,vs SF,WR,D.K. Metcalf,0,0,0,0,0,0,0.05,0.28,0,0,3.8,52.44,0.37,0.1,0.04,0,0,0,0,0,0,0,0,0,0,0,11.6,9.3
2019,17,20191229,SEA,vs SF,WR,David Moore,0,0,0,0,0,0,0,0,0,0,2,28,0.18,0,0.02,0,0,0,0,0,0,0,0,0,0,0,5.9,4.8
2019,17,20191229,SEA,vs SF,WR,Jaron Brown,0,0,0,0,0,0,0,0,0,0,0.8,10.8,0.06,0,0.01,0,0,0,0,0,0,0,0,0,0,0,2.2,1.8
2019,17,20191229,SEA,vs SF,WR,John Ursua,0,0,0,0,0,0,0,0,0,0,0.3,3.6,0.02,0,0,0,0,0,0,0,0,0,0,0,0,0,0.8,0.6
2019,17,20191229,SEA,vs SF,WR,Malik Turner,0,0,0,0,0,0,0,0,0,0,0,0,0,0,0,0,0,0,0,0,0,0,0,0,0,0,0,0
2019,17,20191229,SEA,vs SF,WR,Tyler Lockett,0,0,0,0,0,0,0.2,1,0,0,4.1,60.89,0.35,0.17,0.04,0,0,0,0,0,0,0,0,0,0,0,12.9,10.3
2019,17,20191229,SF,@ SEA,D,San Francisco Defense,0,0,0,0,0,0,0,0,0,0,0,0,0,0,0,0,347.74,21.25,2.6,0.75,1.21,0.53,0.19,0.04,0.07,0.04,6.8,6.8
2019,17,20191229,SF,@ SEA,FB,Kyle Juszczyk,0,0,0,0,0,0,0.2,0.73,0,0,1.6,13.2,0.06,0,0.02,0,0,0,0,0,0,0,0,0,0,0,3.3,2.5
2019,17,20191229,SF,@ SEA,K,Robbie Gould,0,0,0,0,0,0,0,0,0,0,0,0,0,0,0,0,0,0,0,0,0,0,0,0,0,0,8.6,8.6
2019,17,20191229,PHI,@ NYG,QB,Nate Sudfeld,0,0,0,0,0,0,0,0,0,0,0,0,0,0,0,0,0,0,0,0,0,0,0,0,0,0,0,0
2019,17,20191229,PIT,@ BAL,QB,Mason Rudolph,0,0,0,0,0,0,0,0,0,0,0,0,0,0,0,0,0,0,0,0,0,0,0,0,0,0,0,0
2019,17,20191229,PIT,@ BAL,QB,Paxton Lynch,0,0,0,0,0,0,0,0,0,0,0,0,0,0,0,0,0,0,0,0,0,0,0,0,0,0,0,0
2019,17,20191229,SF,@ SEA,RB,Jeffery Wilson,0,0,0,0,0,0,0,0,0,0,0,0,0,0,0,0,0,0,0,0,0,0,0,0,0,0,0,0
2019,17,20191229,SF,@ SEA,RB,Matt Breida,0,0,0,0,0,0,4.8,20.4,0.11,0,0.8,5.72,0.04,0,0.04,0.01,0,0,0,0,0,0,0,0,0,0,4.3,3.9
2019,17,20191229,SF,@ SEA,RB,Raheem Mostert,0,0,0,0,0,0,13.5,60.08,0.54,0.14,1.1,8.8,0.05,0,0.1,0.03,0,0,0,0,0,0,0,0,0,0,11.9,10.8
2019,17,20191229,SF,@ SEA,RB,Tevin Coleman,0,0,0,0,0,0,6.6,26.4,0.2,0,0.9,6.48,0.05,0,0.05,0.01,0,0,0,0,0,0,0,0,0,0,5.7,5.2
2019,17,20191229,SF,@ SEA,TE,Daniel Helm,0,0,0,0,0,0,0,0,0,0,0,0,0,0,0,0,0,0,0,0,0,0,0,0,0,0,0,0
2019,17,20191229,SF,@ SEA,TE,George Kittle,0,0,0,0,0,0,0,0,0,0,5.9,70.51,0.47,0.26,0.06,0.02,0,0,0,0,0,0,0,0,0,0,16.5,12.7
2019,17,20191229,SF,@ SEA,TE,Levine Toilolo,0,0,0,0,0,0,0,0,0,0,0,0,0,0,0,0,0,0,0,0,0,0,0,0,0,0,0,0
2019,17,20191229,SF,@ SEA,TE,Ross Dwelley,0,0,0,0,0,0,0,0,0,0,0.2,2.1,0.01,0,0,0,0,0,0,0,0,0,0,0,0,0,0.5,0.4
2019,17,20191229,SF,@ SEA,WR,Dante Pettis,0,0,0,0,0,0,0,0,0,0,0,0,0,0,0,0,0,0,0,0,0,0,0,0,0,0,0,0
2019,17,20191229,SF,@ SEA,WR,Deebo Samuel,0,0,0,0,0,0,1.3,8.45,0.04,0,3.7,45.14,0.34,0.05,0.04,0,0,0,0,0,0,0,0,0,0,0,11.4,9.4
2019,17,20191229,SF,@ SEA,WR,Emmanuel Sanders,0,0,0,0,0,0,0.2,1,0,0,4,51.2,0.37,0.09,0.04,0,0,0,0,0,0,0,0,0,0,0,11.7,9.4
2019,17,20191229,SF,@ SEA,WR,Jordan Matthews,0,0,0,0,0,0,0,0,0,0,0,0,0,0,0,0,0,0,0,0,0,0,0,0,0,0,0,0
2019,17,20191229,SF,@ SEA,WR,Kendrick Bourne,0,0,0,0,0,0,0,0,0,0,2,23.06,0.22,0,0.02,0,0,0,0,0,0,0,0,0,0,0,5.6,4.6
2019,17,20191229,SF,@ SEA,WR,Richard James,0,0,0,0,0,0,0,0,0,0,0.3,3.6,0.02,0,0,0,0,0,0,0,0,0,0,0,0,0,0.8,0.6
2019,17,20191229,TB,vs ATL,D,Tampa Bay Defense,0,0,0,0,0,0,0,0,0,0,0,0,0,0,0,0,373.68,23.75,2.7,0.75,1.35,0.59,0.19,0.04,0.07,0.04,7,7
2019,17,20191229,SEA,vs SF,QB,Geno Smith,0,0,0,0,0,0,0,0,0,0,0,0,0,0,0,0,0,0,0,0,0,0,0,0,0,0,0,0
2019,17,20191229,SF,@ SEA,QB,CJ Beathard,0,0,0,0,0,0,0,0,0,0,0,0,0,0,0,0,0,0,0,0,0,0,0,0,0,0,0,0
2019,17,20191229,SF,@ SEA,QB,Nick Mullens,0,0,0,0,0,0,0,0,0,0,0,0,0,0,0,0,0,0,0,0,0,0,0,0,0,0,0,0
2019,17,20191229,TB,vs ATL,RB,Dare Ogunbowale,0,0,0,0,0,0,1,3.7,0.01,0,2.7,20.52,0.09,0,0.03,0.01,0,0,0,0,0,0,0,0,0,0,5.7,4.3
2019,17,20191229,TB,vs ATL,RB,Peyton Barber,0,0,0,0,0,0,8.2,30.34,0.25,0,1.3,9.04,0.05,0,0.07,0.02,0,0,0,0,0,0,0,0,0,0,7,6.3
2019,17,20191229,TB,vs ATL,RB,Ronald Jones,0,0,0,0,0,0,11.8,44.84,0.32,0.03,3,23.7,0.11,0,0.11,0.03,0,0,0,0,0,0,0,0,0,0,12.5,10.8
2019,17,20191229,TB,vs ATL,TE,Cameron Brate,0,0,0,0,0,0,0,0,0,0,2.9,28.57,0.26,0,0.03,0.02,0,0,0,0,0,0,0,0,0,0,7.3,5.8
2019,17,20191229,TB,vs ATL,TE,Jordan Leggett,0,0,0,0,0,0,0,0,0,0,0,0,0,0,0,0,0,0,0,0,0,0,0,0,0,0,0,0
2019,17,20191229,TB,vs ATL,TE,OJ Howard,0,0,0,0,0,0,0,0,0,0,3.6,42.91,0.33,0.04,0.03,0.02,0,0,0,0,0,0,0,0,0,0,10,8.1
2019,17,20191229,TB,vs ATL,TE,Tanner Hudson,0,0,0,0,0,0,0,0,0,0,0,0,0,0,0,0,0,0,0,0,0,0,0,0,0,0,0,0
2019,17,20191229,TB,vs ATL,WR,Breshad Perriman,0,0,0,0,0,0,0,0,0,0,4.3,63.21,0.43,0.19,0.04,0,0,0,0,0,0,0,0,0,0,0,13.7,11
2019,17,20191229,TB,vs ATL,WR,Chris Godwin,0,0,0,0,0,0,0.03,0.15,0,0,0,0,0,0,0,0,0,0,0,0,0,0,0,0,0,0,0,0
2019,17,20191229,TB,vs ATL,WR,Ishmael Hyman,0,0,0,0,0,0,0,0,0,0,2.1,26.25,0.14,0,0.02,0,0,0,0,0,0,0,0,0,0,0,5.5,4.5
2019,17,20191229,TB,vs ATL,WR,Justin Watson,0,0,0,0,0,0,0,0,0,0,4.1,51.25,0.36,0.09,0.04,0,0,0,0,0,0,0,0,0,0,0,11.6,9.3
2019,17,20191229,TB,vs ATL,WR,Mike Evans,0,0,0,0,0,0,0,0,0,0,0,0,0,0,0,0,0,0,0,0,0,0,0,0,0,0,0,0
2019,17,20191229,TB,vs ATL,WR,Scott Miller,0,0,0,0,0,0,0,0,0,0,0,0,0,0,0,0,0,0,0,0,0,0,0,0,0,0,0,0
2019,17,20191229,TEN,@ HOU,D,Tennessee Defense,0,0,0,0,0,0,0,0,0,0,0,0,0,0,0,0,313.17,18,2.6,0.95,1.28,0.56,0.22,0.05,0.07,0.04,8.4,8.4
2019,17,20191229,TEN,@ HOU,FB,Khari Blasingame,0,0,0,0,0,0,0.3,1.14,0,0,0.3,2.1,0.02,0,0,0,0,0,0,0,0,0,0,0,0,0,0.7,0.6
2019,17,20191229,TEN,@ HOU,K,Gregory Joseph,0,0,0,0,0,0,0,0,0,0,0,0,0,0,0,0,0,0,0,0,0,0,0,0,0,0,8.8,8.8
2019,17,20191229,TB,vs ATL,QB,Blaine Gabbert,0,0,0,0,0,0,0,0,0,0,0,0,0,0,0,0,0,0,0,0,0,0,0,0,0,0,0,0
2019,17,20191229,TB,vs ATL,QB,Ryan Griffin,0,0,0,0,0,0,0,0,0,0,0,0,0,0,0,0,0,0,0,0,0,0,0,0,0,0,0,0
2019,17,20191229,TEN,@ HOU,RB,Dalyn Dawkins,0,0,0,0,0,0,0.3,1.18,0,0,0,0,0,0,0,0,0,0,0,0,0,0,0,0,0,0,0.1,0.1
2019,17,20191229,TEN,@ HOU,RB,Derrick Henry,0,0,0,0,0,0,19.9,89.55,0.68,0.42,1.1,8.03,0.07,0,0.14,0.02,0,0,0,0,0,0,0,0,0,0,16.5,14.6
2019,17,20191229,TEN,@ HOU,RB,Dion Lewis,0,0,0,0,0,0,4.5,16.65,0.11,0,1.8,12.6,0.09,0,0.05,0.01,0,0,0,0,0,0,0,0,0,0,5.9,4.9
2019,17,20191229,TEN,@ HOU,TE,Anthony Firkser,0,0,0,0,0,0,0,0,0,0,1.2,14.4,0.12,0,0.01,0,0,0,0,0,0,0,0,0,0,0,3.4,2.7
2019,17,20191229,TEN,@ HOU,TE,Delanie Walker,0,0,0,0,0,0,0,0,0,0,0,0,0,0,0,0,0,0,0,0,0,0,0,0,0,0,0,0
2019,17,20191229,TEN,@ HOU,TE,Jonnu Smith,0,0,0,0,0,0,0,0,0,0,3.3,38.28,0.26,0.02,0.03,0.01,0,0,0,0,0,0,0,0,0,0,8.7,7
2019,17,20191229,TEN,@ HOU,TE,MyCole Pruitt,0,0,0,0,0,0,0,0,0,0,0.4,4.24,0.03,0,0,0,0,0,0,0,0,0,0,0,0,0,1,0.8
2019,17,20191229,TEN,@ HOU,WR,A.J. Brown,0,0,0,0,0,0,0.3,1.65,0,0,4.8,68.88,0.51,0.24,0.05,0,0,0,0,0,0,0,0,0,0,0,15.6,12.4
2019,17,20191229,TEN,@ HOU,WR,Adam Humphries,0,0,0,0,0,0,0,0,0,0,0,0,0,0,0,0,0,0,0,0,0,0,0,0,0,0,0,0
2019,17,20191229,TEN,@ HOU,WR,Cody Hollister,0,0,0,0,0,0,0,0,0,0,0,0,0,0,0,0,0,0,0,0,0,0,0,0,0,0,0,0
2019,17,20191229,TEN,@ HOU,WR,Corey Davis,0,0,0,0,0,0,0,0,0,0,3,40.5,0.25,0.03,0.03,0,0,0,0,0,0,0,0,0,0,0,8.6,7
2019,17,20191229,TEN,@ HOU,WR,Darius Jennings,0,0,0,0,0,0,0,0,0,0,0,0,0,0,0,0,0,0,0,0,0,0,0,0,0,0,0,0
2019,17,20191229,TEN,@ HOU,WR,Kalif Raymond,0,0,0,0,0,0,0,0,0,0,0.9,11.7,0.08,0,0.01,0,0,0,0,0,0,0,0,0,0,0,2.5,2.1
2019,17,20191229,TEN,@ HOU,WR,Tajae Sharpe,0,0,0,0,0,0,0,0,0,0,2.7,31.86,0.28,0.01,0.03,0,0,0,0,0,0,0,0,0,0,0,7.6,6.2
2019,17,20191229,WAS,@ DAL,D,Washington Defense,0,0,0,0,0,0,0,0,0,0,0,0,0,0,0,0,386.23,29.75,2.2,0.71,1.42,0.62,0.19,0.02,0.08,0.04,5.4,5.4
2019,17,20191229,WAS,@ DAL,FB,Michael Burton,0,0,0,0,0,0,0,0,0,0,0,0,0,0,0,0,0,0,0,0,0,0,0,0,0,0,0,0
2019,17,20191229,WAS,@ DAL,K,Dustin Hopkins,0,0,0,0,0,0,0,0,0,0,0,0,0,0,0,0,0,0,0,0,0,0,0,0,0,0,6.1,6.1
2019,17,20191229,TEN,@ HOU,QB,Marcus Mariota,0,0,0,0,0,0,0,0,0,0,0,0,0,0,0,0,0,0,0,0,0,0,0,0,0,0,0,0
2019,17,20191229,WAS,@ DAL,QB,Colt McCoy,0,0,0,0,0,0,0,0,0,0,0,0,0,0,0,0,0,0,0,0,0,0,0,0,0,0,0,0
2019,17,20191229,WAS,@ DAL,QB,Dwayne Haskins,0,0,0,0,0,0,0,0,0,0,0,0,0,0,0,0,0,0,0,0,0,0,0,0,0,0,0,0
2019,17,20191229,WAS,@ DAL,RB,Adrian Peterson,0,0,0,0,0,0,16,60.8,0.43,0.14,1.9,13.68,0.04,0,0.12,0.04,0,0,0,0,0,0,0,0,0,0,12.5,11.1
2019,17,20191229,WAS,@ DAL,RB,Chris Thompson,0,0,0,0,0,0,3.9,14.43,0.09,0,3.3,26.4,0.11,0,0.06,0.02,0,0,0,0,0,0,0,0,0,0,8.6,6.9
2019,17,20191229,WAS,@ DAL,RB,Derrius Guice,0,0,0,0,0,0,0,0,0,0,0,0,0,0,0,0,0,0,0,0,0,0,0,0,0,0,0,0
2019,17,20191229,WAS,@ DAL,RB,Wendell Smallwood,0,0,0,0,0,0,0.7,2.59,0,0,0.2,1.5,0.01,0,0.01,0,0,0,0,0,0,0,0,0,0,0,0.7,0.5
2019,17,20191229,WAS,@ DAL,TE,Caleb Wilson,0,0,0,0,0,0,0,0,0,0,0,0,0,0,0,0,0,0,0,0,0,0,0,0,0,0,0,0
2019,17,20191229,WAS,@ DAL,TE,Hale Hentges,0,0,0,0,0,0,0,0,0,0,0.7,7.35,0.05,0,0.01,0,0,0,0,0,0,0,0,0,0,0,1.7,1.4
2019,17,20191229,WAS,@ DAL,TE,Jeremy Sprinkle,0,0,0,0,0,0,0,0,0,0,1.8,18,0.14,0,0.02,0.01,0,0,0,0,0,0,0,0,0,0,4.4,3.5
2019,17,20191229,WAS,@ DAL,WR,Cam Sims,0,0,0,0,0,0,0,0,0,0,1.4,16.8,0.1,0,0.01,0,0,0,0,0,0,0,0,0,0,0,3.7,3
2019,17,20191229,WAS,@ DAL,WR,Kelvin Harmon,0,0,0,0,0,0,0,0,0,0,3.8,49.4,0.27,0.07,0.04,0,0,0,0,0,0,0,0,0,0,0,10.5,8.4
2019,17,20191229,WAS,@ DAL,WR,Paul Richardson,0,0,0,0,0,0,0,0,0,0,0,0,0,0,0,0,0,0,0,0,0,0,0,0,0,0,0,0
2019,17,20191229,WAS,@ DAL,WR,Steven Sims,0,0,0,0,0,0,0.6,3.9,0,0,5.1,56.1,0.25,0.13,0.05,0,0,0,0,0,0,0,0,0,0,0,12.9,10
2019,17,20191229,WAS,@ DAL,WR,Terry McLaurin,0,0,0,0,0,0,0,0,0,0,0,0,0,0,0,0,0,0,0,0,0,0,0,0,0,0,0,0
2019,17,20191229,WAS,@ DAL,WR,Trey Quinn,0,0,0,0,0,0,0,0,0,0,0,0,0,0,0,0,0,0,0,0,0,0,0,0,0,0,0,0